Priority,Status,Assignee,Reporter,Creator,Date Created,Date Updated,Date Resolved,Time Spent,Time Spent (Without Outliers),Repair Time,Repair Time (Without Outliers),completed,open,failed_fix,assigned,last28,Assigned to a Developer,Created by a Developer,Reported by a Developer
5 - Blocker,Todo,JosephWallace,RyanFord,RyanFord,2020-01-29,2021-06-02,NA,490,NA,NA,NA,FALSE,TRUE,FALSE,TRUE,FALSE,TRUE,FALSE,FALSE
5 - Blocker,Resolved,NancyKraus,PeterMorrissey,PeterMorrissey,2019-11-26,2020-01-14,2020-01-14,49,49,49,49,TRUE,FALSE,FALSE,TRUE,FALSE,TRUE,TRUE,TRUE
5 - Blocker,Resolved,NA,MattChild,MattChild,2019-08-28,2019-09-09,2019-09-09,12,12,12,12,TRUE,FALSE,FALSE,FALSE,FALSE,NA,TRUE,TRUE
5 - Blocker,Resolved,NA,MattChild,MattChild,2019-08-28,2019-09-09,2019-09-09,12,12,12,12,TRUE,FALSE,FALSE,FALSE,FALSE,NA,TRUE,TRUE
5 - Blocker,Resolved,NancyKraus,MattChild,MattChild,2019-07-16,2019-07-16,2019-07-16,0,NA,0,NA,TRUE,FALSE,FALSE,TRUE,FALSE,TRUE,TRUE,TRUE
5 - Blocker,Resolved,PeteSchatz,MattChild,MattChild,2018-03-07,2018-03-13,2018-03-13,6,6,6,NA,TRUE,FALSE,FALSE,TRUE,FALSE,TRUE,TRUE,TRUE
5 - Blocker,Resolved,PeteSchatz,RyanScranton,RyanScranton,2018-03-05,2018-03-07,2018-03-07,2,NA,2,NA,TRUE,FALSE,FALSE,TRUE,FALSE,TRUE,FALSE,FALSE
5 - Blocker,Resolved,NA,BrittanyMcCray,BrittanyMcCray,2018-03-06,2018-03-07,2018-03-07,1,NA,1,NA,TRUE,FALSE,FALSE,FALSE,FALSE,NA,FALSE,FALSE
5 - Blocker,Resolved,JosephWallace,JohnSieck,JohnSieck,2018-02-09,2018-03-06,2018-03-06,25,25,25,25,TRUE,FALSE,FALSE,TRUE,FALSE,TRUE,FALSE,FALSE
5 - Blocker,Resolved,DanielBiester,MattChild,MattChild,2017-08-25,2018-02-06,2018-02-06,165,NA,165,NA,TRUE,FALSE,FALSE,TRUE,FALSE,TRUE,TRUE,TRUE
5 - Blocker,Resolved,NancyKraus,NancyKraus,NancyKraus,2017-12-22,2018-02-06,2018-02-06,46,46,46,46,TRUE,FALSE,FALSE,TRUE,FALSE,TRUE,TRUE,TRUE
5 - Blocker,Resolved,DanielBiester,MattChild,MattChild,2017-09-27,2017-10-11,2017-10-11,14,14,14,14,TRUE,FALSE,FALSE,TRUE,FALSE,TRUE,TRUE,TRUE
5 - Blocker,Resolved,DanielBiester,RyanScranton,RyanScranton,2017-09-26,2017-09-28,2017-09-28,2,NA,2,NA,TRUE,FALSE,FALSE,TRUE,FALSE,TRUE,FALSE,FALSE
5 - Blocker,Resolved,JosephWallace,RyanScranton,RyanScranton,2017-05-31,2017-06-06,2017-06-06,6,6,6,NA,TRUE,FALSE,FALSE,TRUE,FALSE,TRUE,FALSE,FALSE
5 - Blocker,Resolved,DanielBiester,RyanScranton,RyanScranton,2017-05-31,2017-06-06,2017-06-06,6,6,6,NA,TRUE,FALSE,FALSE,TRUE,FALSE,TRUE,FALSE,FALSE
4 - Critical,Todo,NA,MichaelJones,MichaelJones,2019-12-18,2020-04-30,NA,134,NA,NA,NA,FALSE,TRUE,FALSE,FALSE,FALSE,NA,FALSE,FALSE
4 - Critical,Resolved,PeterMorrissey,MattChild,MattChild,2019-12-03,2020-01-14,2020-01-14,42,42,42,42,TRUE,FALSE,FALSE,TRUE,FALSE,TRUE,TRUE,TRUE
4 - Critical,Resolved,PeterMorrissey,ScottSummerford,ScottSummerford,2019-11-25,2020-01-14,2020-01-14,50,50,50,50,TRUE,FALSE,FALSE,TRUE,FALSE,TRUE,TRUE,TRUE
4 - Critical,Resolved,ScottSummerford,AlanJones,AlanJones,2019-07-22,2019-07-31,2019-07-31,9,9,9,9,TRUE,FALSE,FALSE,TRUE,FALSE,TRUE,FALSE,FALSE
4 - Critical,Todo,NA,JohnSieck,JohnSieck,2019-03-18,2019-07-26,NA,130,NA,NA,NA,FALSE,TRUE,FALSE,FALSE,FALSE,NA,FALSE,FALSE
4 - Critical,Todo,NA,NancyKraus,NancyKraus,2018-01-16,2019-07-25,NA,555,NA,NA,NA,FALSE,TRUE,FALSE,FALSE,FALSE,NA,TRUE,TRUE
4 - Critical,Todo,NA,RyanScranton,RyanScranton,2018-03-12,2019-07-05,NA,480,NA,NA,NA,FALSE,TRUE,FALSE,FALSE,FALSE,NA,FALSE,FALSE
4 - Critical,Todo,NA,RyanScranton,RyanScranton,2019-05-03,2019-05-23,NA,20,20,NA,NA,FALSE,TRUE,FALSE,FALSE,FALSE,NA,FALSE,FALSE
4 - Critical,Todo,NA,RyanScranton,RyanScranton,2018-09-12,2019-04-22,NA,222,NA,NA,NA,FALSE,TRUE,FALSE,FALSE,FALSE,NA,FALSE,FALSE
4 - Critical,Resolved,DrewPolhamus,RyanScranton,RyanScranton,2018-09-20,2019-01-16,2019-01-16,118,118,118,NA,TRUE,FALSE,FALSE,TRUE,FALSE,TRUE,FALSE,FALSE
4 - Critical,Resolved,NA,MattChild,MattChild,2018-07-13,2018-09-07,2018-09-07,56,56,56,56,TRUE,FALSE,FALSE,FALSE,FALSE,NA,TRUE,TRUE
4 - Critical,Resolved,NancyKraus,RyanScranton,RyanScranton,2018-03-02,2018-03-13,2018-03-13,11,11,11,11,TRUE,FALSE,FALSE,TRUE,FALSE,TRUE,FALSE,FALSE
4 - Critical,Resolved,NancyKraus,RyanScranton,RyanScranton,2018-03-02,2018-03-13,2018-03-13,11,11,11,11,TRUE,FALSE,FALSE,TRUE,FALSE,TRUE,FALSE,FALSE
4 - Critical,Todo,NA,NancyKraus,NancyKraus,2018-02-15,2018-02-23,NA,8,8,NA,NA,FALSE,TRUE,FALSE,FALSE,FALSE,NA,TRUE,TRUE
4 - Critical,Resolved,JosephWallace,RyanScranton,RyanScranton,2017-09-26,2017-10-11,2017-10-11,15,15,15,15,TRUE,FALSE,FALSE,TRUE,FALSE,TRUE,FALSE,FALSE
4 - Critical,Resolved,MatthewDavis,RyanScranton,RyanScranton,2017-09-26,2017-10-11,2017-10-11,15,15,15,15,TRUE,FALSE,FALSE,TRUE,FALSE,FALSE,FALSE,FALSE
4 - Critical,Resolved,DanielBiester,MattChild,MattChild,2017-09-27,2017-10-11,2017-10-11,14,14,14,14,TRUE,FALSE,FALSE,TRUE,FALSE,TRUE,TRUE,TRUE
4 - Critical,Resolved,PeteSchatz,PeteSchatz,PeteSchatz,2017-09-12,2017-10-10,2017-10-10,28,28,28,28,TRUE,FALSE,FALSE,TRUE,FALSE,TRUE,TRUE,TRUE
4 - Critical,Resolved,PeteSchatz,PeteSchatz,PeteSchatz,2017-05-04,2017-10-03,2017-10-03,152,NA,152,NA,TRUE,FALSE,FALSE,TRUE,FALSE,TRUE,TRUE,TRUE
4 - Critical,Resolved,DanielBiester,MattChild,MattChild,2017-07-25,2017-10-03,2017-10-03,70,70,70,70,TRUE,FALSE,FALSE,TRUE,FALSE,TRUE,TRUE,TRUE
4 - Critical,Todo,NA,PeteSchatz,PeteSchatz,2015-06-01,2017-03-23,NA,661,NA,NA,NA,FALSE,TRUE,FALSE,FALSE,FALSE,NA,TRUE,TRUE
3 - Major,Todo,NA,MichaelJones,MichaelJones,2020-01-14,2020-04-30,NA,107,107,NA,NA,FALSE,TRUE,FALSE,FALSE,FALSE,NA,FALSE,FALSE
3 - Major,Todo,NA,RyanFord,RyanFord,2020-01-21,2020-03-02,NA,41,41,NA,NA,FALSE,TRUE,FALSE,FALSE,FALSE,NA,FALSE,FALSE
3 - Major,Todo,NA,MattChild,MattChild,2020-01-27,2020-03-02,NA,35,35,NA,NA,FALSE,TRUE,FALSE,FALSE,FALSE,NA,TRUE,TRUE
3 - Major,Todo,NA,MattChild,MattChild,2019-12-03,2019-12-19,NA,16,16,NA,NA,FALSE,TRUE,FALSE,FALSE,FALSE,NA,TRUE,TRUE
3 - Major,Todo,NA,ScottSummerford,ScottSummerford,2019-11-26,2019-12-19,NA,23,23,NA,NA,FALSE,TRUE,FALSE,FALSE,FALSE,NA,TRUE,TRUE
3 - Major,Resolved,NA,MattChild,MattChild,2019-08-27,2019-09-09,2019-09-09,13,13,13,13,TRUE,FALSE,FALSE,FALSE,FALSE,NA,TRUE,TRUE
3 - Major,Todo,NA,RyanScranton,RyanScranton,2019-05-03,2019-05-23,NA,20,20,NA,NA,FALSE,TRUE,FALSE,FALSE,FALSE,NA,FALSE,FALSE
3 - Major,Todo,NA,MattChild,MattChild,2019-04-16,2019-05-23,NA,37,37,NA,NA,FALSE,TRUE,FALSE,FALSE,FALSE,NA,TRUE,TRUE
3 - Major,Todo,NA,DrewPolhamus,DrewPolhamus,2019-03-28,2019-05-23,NA,56,56,NA,NA,FALSE,TRUE,FALSE,FALSE,FALSE,NA,TRUE,TRUE
3 - Major,Todo,NA,MattChild,MattChild,2018-06-27,2019-04-22,NA,299,NA,NA,NA,FALSE,TRUE,FALSE,FALSE,FALSE,NA,TRUE,TRUE
3 - Major,Todo,NA,JohnSieck,JohnSieck,2018-03-13,2019-03-25,NA,377,NA,NA,NA,FALSE,TRUE,FALSE,FALSE,FALSE,NA,FALSE,FALSE
3 - Major,Resolved,NA,MattChild,MattChild,2018-06-11,2018-09-07,2018-09-07,88,88,88,88,TRUE,FALSE,FALSE,FALSE,FALSE,NA,TRUE,TRUE
3 - Major,Resolved,NA,MattChild,MattChild,2018-06-06,2018-09-07,2018-09-07,93,93,93,NA,TRUE,FALSE,FALSE,FALSE,FALSE,NA,TRUE,TRUE
3 - Major,Resolved,NA,RyanScranton,RyanScranton,2017-04-21,2018-09-07,2018-09-07,504,NA,504,NA,TRUE,FALSE,FALSE,FALSE,FALSE,NA,FALSE,FALSE
3 - Major,Resolved,NancyKraus,RyanScranton,RyanScranton,2018-03-06,2018-03-13,2018-03-13,7,7,7,7,TRUE,FALSE,FALSE,TRUE,FALSE,TRUE,FALSE,FALSE
3 - Major,Resolved,DanielBiester,RyanScranton,RyanScranton,2017-08-28,2018-02-06,2018-02-06,162,NA,162,NA,TRUE,FALSE,FALSE,TRUE,FALSE,TRUE,FALSE,FALSE
3 - Major,Resolved,DanielBiester,RyanScranton,RyanScranton,2017-09-06,2018-02-06,2018-02-06,153,NA,153,NA,TRUE,FALSE,FALSE,TRUE,FALSE,TRUE,FALSE,FALSE
3 - Major,Resolved,PeteSchatz,MattChild,MattChild,2017-09-27,2018-02-06,2018-02-06,132,NA,132,NA,TRUE,FALSE,FALSE,TRUE,FALSE,TRUE,TRUE,TRUE
3 - Major,Resolved,JosephWallace,MattChild,MattChild,2017-11-06,2018-02-06,2018-02-06,92,92,92,NA,TRUE,FALSE,FALSE,TRUE,FALSE,TRUE,TRUE,TRUE
3 - Major,Resolved,JosephWallace,ChristinaThompson,JohnSieck,2017-12-07,2018-02-06,2018-02-06,61,61,61,61,TRUE,FALSE,FALSE,TRUE,FALSE,TRUE,FALSE,FALSE
3 - Major,Todo,NA,RyanScranton,RyanScranton,2017-09-26,2018-01-15,NA,111,111,NA,NA,FALSE,TRUE,FALSE,FALSE,FALSE,NA,FALSE,FALSE
3 - Major,Closed,PeteSchatz,PeteSchatz,PeteSchatz,2017-10-11,2017-10-19,NA,8,8,NA,NA,FALSE,FALSE,TRUE,TRUE,FALSE,TRUE,TRUE,TRUE
3 - Major,Resolved,PeteSchatz,MattChild,MattChild,2017-09-27,2017-10-11,2017-10-11,14,14,14,14,TRUE,FALSE,FALSE,TRUE,FALSE,TRUE,TRUE,TRUE
3 - Major,Resolved,MatthewDavis,MatthewDavis,MatthewDavis,2017-06-28,2017-10-03,2017-10-03,97,97,97,NA,TRUE,FALSE,FALSE,TRUE,FALSE,FALSE,FALSE,FALSE
3 - Major,Resolved,MatthewDavis,MattChild,MattChild,2017-08-02,2017-10-03,2017-10-03,62,62,62,62,TRUE,FALSE,FALSE,TRUE,FALSE,FALSE,TRUE,TRUE
2 - Minor,Todo,NA,NancyKraus,NancyKraus,2018-04-18,2021-05-12,NA,1120,NA,NA,NA,FALSE,TRUE,FALSE,FALSE,FALSE,NA,TRUE,TRUE
2 - Minor,Todo,NA,NancyKraus,NancyKraus,2018-04-18,2021-05-04,NA,1112,NA,NA,NA,FALSE,TRUE,FALSE,FALSE,FALSE,NA,TRUE,TRUE
2 - Minor,Todo,MichaelJones,MichaelJones,MichaelJones,2020-02-24,2020-05-07,NA,73,73,NA,NA,FALSE,TRUE,FALSE,TRUE,FALSE,FALSE,FALSE,FALSE
2 - Minor,Todo,NA,RyanFord,RyanFord,2020-01-29,2020-05-05,NA,97,97,NA,NA,FALSE,TRUE,FALSE,FALSE,FALSE,NA,FALSE,FALSE
2 - Minor,Todo,NA,MichaelJones,MichaelJones,2019-10-23,2020-05-05,NA,195,NA,NA,NA,FALSE,TRUE,FALSE,FALSE,FALSE,NA,FALSE,FALSE
2 - Minor,Todo,NA,MichaelJones,MichaelJones,2020-03-12,2020-04-30,NA,49,49,NA,NA,FALSE,TRUE,FALSE,FALSE,TRUE,NA,FALSE,FALSE
2 - Minor,Todo,NA,MichaelJones,MichaelJones,2020-03-12,2020-04-30,NA,49,49,NA,NA,FALSE,TRUE,FALSE,FALSE,TRUE,NA,FALSE,FALSE
2 - Minor,Todo,NA,MichaelJones,MichaelJones,2020-03-17,2020-04-30,NA,44,44,NA,NA,FALSE,TRUE,FALSE,FALSE,TRUE,NA,FALSE,FALSE
2 - Minor,Todo,NA,MichaelJones,MichaelJones,2019-12-16,2020-04-30,NA,136,NA,NA,NA,FALSE,TRUE,FALSE,FALSE,FALSE,NA,FALSE,FALSE
2 - Minor,Todo,NA,MichaelJones,MichaelJones,2019-12-16,2020-04-30,NA,136,NA,NA,NA,FALSE,TRUE,FALSE,FALSE,FALSE,NA,FALSE,FALSE
2 - Minor,Todo,NA,MichaelJones,MichaelJones,2019-12-17,2020-04-30,NA,135,NA,NA,NA,FALSE,TRUE,FALSE,FALSE,FALSE,NA,FALSE,FALSE
2 - Minor,Todo,NA,MattChild,MattChild,2020-03-23,2020-04-30,NA,38,38,NA,NA,FALSE,TRUE,FALSE,FALSE,TRUE,NA,TRUE,TRUE
2 - Minor,Todo,NA,MichaelJones,MichaelJones,2019-10-18,2020-04-30,NA,195,NA,NA,NA,FALSE,TRUE,FALSE,FALSE,FALSE,NA,FALSE,FALSE
2 - Minor,Todo,NA,PeterMorrissey,PeterMorrissey,2019-09-04,2020-04-30,NA,239,NA,NA,NA,FALSE,TRUE,FALSE,FALSE,FALSE,NA,TRUE,TRUE
2 - Minor,Todo,NA,MichaelJones,MichaelJones,2020-01-08,2020-04-30,NA,113,113,NA,NA,FALSE,TRUE,FALSE,FALSE,FALSE,NA,FALSE,FALSE
2 - Minor,Todo,NA,MattChild,MattChild,2020-03-20,2020-03-25,NA,5,5,NA,NA,FALSE,TRUE,FALSE,FALSE,TRUE,NA,TRUE,TRUE
2 - Minor,Todo,NA,MattChild,MattChild,2020-03-24,2020-03-24,NA,0,NA,NA,NA,FALSE,TRUE,FALSE,FALSE,TRUE,NA,TRUE,TRUE
2 - Minor,Todo,NA,MichaelJones,MichaelJones,2020-02-28,2020-03-23,NA,24,24,NA,NA,FALSE,TRUE,FALSE,FALSE,TRUE,NA,FALSE,FALSE
2 - Minor,Todo,NA,MichaelJones,MichaelJones,2020-02-24,2020-03-23,NA,28,28,NA,NA,FALSE,TRUE,FALSE,FALSE,FALSE,NA,FALSE,FALSE
2 - Minor,Todo,NA,MichaelJones,MichaelJones,2020-03-06,2020-03-20,NA,14,14,NA,NA,FALSE,TRUE,FALSE,FALSE,TRUE,NA,FALSE,FALSE
2 - Minor,Todo,NA,PeterMorrissey,PeterMorrissey,2020-03-04,2020-03-20,NA,16,16,NA,NA,FALSE,TRUE,FALSE,FALSE,TRUE,NA,TRUE,TRUE
2 - Minor,Todo,NA,PeterMorrissey,PeterMorrissey,2020-03-05,2020-03-20,NA,15,15,NA,NA,FALSE,TRUE,FALSE,FALSE,TRUE,NA,TRUE,TRUE
2 - Minor,Todo,NA,NancyKraus,NancyKraus,2020-03-04,2020-03-20,NA,16,16,NA,NA,FALSE,TRUE,FALSE,FALSE,TRUE,NA,TRUE,TRUE
2 - Minor,Todo,NA,NancyKraus,NancyKraus,2020-03-04,2020-03-20,NA,16,16,NA,NA,FALSE,TRUE,FALSE,FALSE,TRUE,NA,TRUE,TRUE
2 - Minor,Todo,NA,NancyKraus,NancyKraus,2020-03-04,2020-03-20,NA,16,16,NA,NA,FALSE,TRUE,FALSE,FALSE,TRUE,NA,TRUE,TRUE
2 - Minor,Todo,NA,NancyKraus,NancyKraus,2020-03-04,2020-03-20,NA,16,16,NA,NA,FALSE,TRUE,FALSE,FALSE,TRUE,NA,TRUE,TRUE
2 - Minor,Todo,NA,RyanScranton,RyanScranton,2020-03-02,2020-03-20,NA,18,18,NA,NA,FALSE,TRUE,FALSE,FALSE,TRUE,NA,FALSE,FALSE
2 - Minor,Todo,NA,JosephWallace,JosephWallace,2020-03-05,2020-03-20,NA,15,15,NA,NA,FALSE,TRUE,FALSE,FALSE,TRUE,NA,TRUE,TRUE
2 - Minor,Todo,NA,NancyKraus,NancyKraus,2020-03-05,2020-03-20,NA,15,15,NA,NA,FALSE,TRUE,FALSE,FALSE,TRUE,NA,TRUE,TRUE
2 - Minor,Todo,NA,MattChild,MattChild,2020-03-09,2020-03-20,NA,11,11,NA,NA,FALSE,TRUE,FALSE,FALSE,TRUE,NA,TRUE,TRUE
2 - Minor,Todo,NA,MichaelJones,MichaelJones,2020-03-11,2020-03-20,NA,9,9,NA,NA,FALSE,TRUE,FALSE,FALSE,TRUE,NA,FALSE,FALSE
2 - Minor,Todo,NA,MichaelJones,MichaelJones,2020-03-19,2020-03-20,NA,1,NA,NA,NA,FALSE,TRUE,FALSE,FALSE,TRUE,NA,FALSE,FALSE
2 - Minor,Todo,NA,JohnSieck,JohnSieck,2020-03-18,2020-03-20,NA,2,NA,NA,NA,FALSE,TRUE,FALSE,FALSE,TRUE,NA,FALSE,FALSE
2 - Minor,Resolved,PeterMorrissey,PeterMorrissey,PeterMorrissey,2020-03-17,2020-03-18,2020-03-18,1,NA,1,NA,TRUE,FALSE,FALSE,TRUE,TRUE,TRUE,TRUE,TRUE
2 - Minor,Resolved,JosephWallace,MichaelJones,MichaelJones,2020-03-12,2020-03-13,2020-03-13,1,NA,1,NA,TRUE,FALSE,FALSE,TRUE,TRUE,TRUE,FALSE,FALSE
2 - Minor,Todo,NA,PeterMorrissey,PeterMorrissey,2020-03-13,2020-03-13,NA,0,NA,NA,NA,FALSE,TRUE,FALSE,FALSE,TRUE,NA,TRUE,TRUE
2 - Minor,Resolved,NA,MattChild,MattChild,2020-03-10,2020-03-11,2020-03-11,1,NA,1,NA,TRUE,FALSE,FALSE,FALSE,TRUE,NA,TRUE,TRUE
2 - Minor,Resolved,JosephWallace,MattChild,MattChild,2020-02-18,2020-03-10,2020-03-10,21,21,21,21,TRUE,FALSE,FALSE,TRUE,FALSE,TRUE,TRUE,TRUE
2 - Minor,Todo,NA,MichaelJones,MichaelJones,2020-03-06,2020-03-09,NA,3,NA,NA,NA,FALSE,TRUE,FALSE,FALSE,TRUE,NA,FALSE,FALSE
2 - Minor,Todo,NA,NancyKraus,NancyKraus,2020-03-06,2020-03-09,NA,3,NA,NA,NA,FALSE,TRUE,FALSE,FALSE,TRUE,NA,TRUE,TRUE
2 - Minor,Todo,NA,NancyKraus,NancyKraus,2020-03-06,2020-03-09,NA,3,NA,NA,NA,FALSE,TRUE,FALSE,FALSE,TRUE,NA,TRUE,TRUE
2 - Minor,Todo,NA,MattChild,MattChild,2018-02-08,2020-03-09,NA,760,NA,NA,NA,FALSE,TRUE,FALSE,FALSE,FALSE,NA,TRUE,TRUE
2 - Minor,Resolved,PeterMorrissey,MattChild,MattChild,2019-10-08,2020-03-06,2020-03-06,150,NA,150,NA,TRUE,FALSE,FALSE,TRUE,FALSE,TRUE,TRUE,TRUE
2 - Minor,Todo,NA,PeterMorrissey,PeterMorrissey,2020-02-24,2020-03-03,NA,8,8,NA,NA,FALSE,TRUE,FALSE,FALSE,FALSE,NA,TRUE,TRUE
2 - Minor,Todo,NA,JosephWallace,JosephWallace,2020-02-18,2020-03-03,NA,14,14,NA,NA,FALSE,TRUE,FALSE,FALSE,FALSE,NA,TRUE,TRUE
2 - Minor,Todo,NA,MichaelJones,MichaelJones,2020-02-28,2020-03-03,NA,4,NA,NA,NA,FALSE,TRUE,FALSE,FALSE,TRUE,NA,FALSE,FALSE
2 - Minor,Todo,NA,MattChild,MattChild,2020-03-02,2020-03-03,NA,1,NA,NA,NA,FALSE,TRUE,FALSE,FALSE,TRUE,NA,TRUE,TRUE
2 - Minor,Todo,NA,NancyKraus,NancyKraus,2020-02-27,2020-03-03,NA,5,5,NA,NA,FALSE,TRUE,FALSE,FALSE,TRUE,NA,TRUE,TRUE
2 - Minor,Todo,NA,NancyKraus,NancyKraus,2020-03-03,2020-03-03,NA,0,NA,NA,NA,FALSE,TRUE,FALSE,FALSE,TRUE,NA,TRUE,TRUE
2 - Minor,Todo,NA,MichaelJones,MichaelJones,2019-11-18,2020-03-02,NA,105,105,NA,NA,FALSE,TRUE,FALSE,FALSE,FALSE,NA,FALSE,FALSE
2 - Minor,Todo,NA,NancyKraus,NancyKraus,2020-01-14,2020-03-02,NA,48,48,NA,NA,FALSE,TRUE,FALSE,FALSE,FALSE,NA,TRUE,TRUE
2 - Minor,Todo,NA,MattChild,MattChild,2020-01-28,2020-03-02,NA,34,34,NA,NA,FALSE,TRUE,FALSE,FALSE,FALSE,NA,TRUE,TRUE
2 - Minor,Todo,NA,NancyKraus,NancyKraus,2020-02-03,2020-03-02,NA,28,28,NA,NA,FALSE,TRUE,FALSE,FALSE,FALSE,NA,TRUE,TRUE
2 - Minor,Resolved,NA,NancyKraus,NancyKraus,2020-02-12,2020-02-21,2020-02-21,9,9,9,9,TRUE,FALSE,FALSE,FALSE,FALSE,NA,TRUE,TRUE
2 - Minor,Resolved,NA,MichaelJones,MichaelJones,2020-01-22,2020-02-21,2020-02-21,30,30,30,30,TRUE,FALSE,FALSE,FALSE,FALSE,NA,FALSE,FALSE
2 - Minor,Resolved,PeterMorrissey,NancyKraus,NancyKraus,2020-02-12,2020-02-19,2020-02-19,7,7,7,7,TRUE,FALSE,FALSE,TRUE,FALSE,TRUE,TRUE,TRUE
2 - Minor,Todo,NA,MichaelJones,MichaelJones,2020-01-15,2020-02-07,NA,23,23,NA,NA,FALSE,TRUE,FALSE,FALSE,FALSE,NA,FALSE,FALSE
2 - Minor,Todo,NA,MichaelJones,MichaelJones,2019-12-17,2020-02-07,NA,52,52,NA,NA,FALSE,TRUE,FALSE,FALSE,FALSE,NA,FALSE,FALSE
2 - Minor,Todo,NA,MichaelJones,MichaelJones,2020-01-10,2020-02-07,NA,28,28,NA,NA,FALSE,TRUE,FALSE,FALSE,FALSE,NA,FALSE,FALSE
2 - Minor,Todo,NA,RyanFord,RyanFord,2020-01-06,2020-02-07,NA,32,32,NA,NA,FALSE,TRUE,FALSE,FALSE,FALSE,NA,FALSE,FALSE
2 - Minor,Todo,NA,MichaelJones,MichaelJones,2019-12-16,2020-02-07,NA,53,53,NA,NA,FALSE,TRUE,FALSE,FALSE,FALSE,NA,FALSE,FALSE
2 - Minor,Todo,NA,NancyKraus,NancyKraus,2020-01-02,2020-01-23,NA,21,21,NA,NA,FALSE,TRUE,FALSE,FALSE,FALSE,NA,TRUE,TRUE
2 - Minor,Todo,NA,NancyKraus,NancyKraus,2020-01-02,2020-01-23,NA,21,21,NA,NA,FALSE,TRUE,FALSE,FALSE,FALSE,NA,TRUE,TRUE
2 - Minor,Todo,NA,NancyKraus,NancyKraus,2020-01-02,2020-01-23,NA,21,21,NA,NA,FALSE,TRUE,FALSE,FALSE,FALSE,NA,TRUE,TRUE
2 - Minor,Todo,NA,ScottSummerford,ScottSummerford,2019-12-18,2020-01-23,NA,36,36,NA,NA,FALSE,TRUE,FALSE,FALSE,FALSE,NA,TRUE,TRUE
2 - Minor,Todo,NA,MichaelJones,MichaelJones,2019-12-16,2020-01-23,NA,38,38,NA,NA,FALSE,TRUE,FALSE,FALSE,FALSE,NA,FALSE,FALSE
2 - Minor,Todo,NA,ScottSummerford,ScottSummerford,2019-12-13,2020-01-23,NA,41,41,NA,NA,FALSE,TRUE,FALSE,FALSE,FALSE,NA,TRUE,TRUE
2 - Minor,Resolved,ScottSummerford,MichaelJones,MichaelJones,2019-09-18,2020-01-14,2020-01-14,118,118,118,NA,TRUE,FALSE,FALSE,TRUE,FALSE,TRUE,FALSE,FALSE
2 - Minor,Resolved,PeterMorrissey,RyanFord,RyanFord,2019-10-25,2020-01-14,2020-01-14,81,81,81,81,TRUE,FALSE,FALSE,TRUE,FALSE,TRUE,FALSE,FALSE
2 - Minor,Resolved,NancyKraus,PeterMorrissey,PeterMorrissey,2019-11-06,2020-01-14,2020-01-14,69,69,69,69,TRUE,FALSE,FALSE,TRUE,FALSE,TRUE,TRUE,TRUE
2 - Minor,Resolved,PeterMorrissey,ScottSummerford,ScottSummerford,2019-11-08,2020-01-14,2020-01-14,67,67,67,67,TRUE,FALSE,FALSE,TRUE,FALSE,TRUE,TRUE,TRUE
2 - Minor,Resolved,NancyKraus,MichaelJones,MichaelJones,2019-12-16,2020-01-09,2020-01-09,24,24,24,24,TRUE,FALSE,FALSE,TRUE,FALSE,TRUE,FALSE,FALSE
2 - Minor,Todo,NA,NancyKraus,NancyKraus,2020-01-02,2020-01-02,NA,0,NA,NA,NA,FALSE,TRUE,FALSE,FALSE,FALSE,NA,TRUE,TRUE
2 - Minor,Todo,NA,PeterMorrissey,PeterMorrissey,2019-11-20,2019-12-19,NA,29,29,NA,NA,FALSE,TRUE,FALSE,FALSE,FALSE,NA,TRUE,TRUE
2 - Minor,Todo,NA,MichaelJones,MichaelJones,2019-09-17,2019-12-19,NA,93,93,NA,NA,FALSE,TRUE,FALSE,FALSE,FALSE,NA,FALSE,FALSE
2 - Minor,Todo,NA,MattChild,MattChild,2019-12-04,2019-12-19,NA,15,15,NA,NA,FALSE,TRUE,FALSE,FALSE,FALSE,NA,TRUE,TRUE
2 - Minor,Todo,NA,ScottSummerford,ScottSummerford,2019-12-11,2019-12-19,NA,8,8,NA,NA,FALSE,TRUE,FALSE,FALSE,FALSE,NA,TRUE,TRUE
2 - Minor,Todo,NA,JosephWallace,JosephWallace,2019-12-11,2019-12-19,NA,8,8,NA,NA,FALSE,TRUE,FALSE,FALSE,FALSE,NA,TRUE,TRUE
2 - Minor,Todo,NA,ScottSummerford,ScottSummerford,2019-12-13,2019-12-16,NA,3,NA,NA,NA,FALSE,TRUE,FALSE,FALSE,FALSE,NA,TRUE,TRUE
2 - Minor,Todo,NA,ScottSummerford,ScottSummerford,2019-12-13,2019-12-16,NA,3,NA,NA,NA,FALSE,TRUE,FALSE,FALSE,FALSE,NA,TRUE,TRUE
2 - Minor,Todo,NA,MattChild,MattChild,2019-12-11,2019-12-16,NA,5,5,NA,NA,FALSE,TRUE,FALSE,FALSE,FALSE,NA,TRUE,TRUE
2 - Minor,Todo,NA,BradNeal,BradNeal,2017-03-30,2019-12-16,NA,991,NA,NA,NA,FALSE,TRUE,FALSE,FALSE,FALSE,NA,FALSE,FALSE
2 - Minor,Todo,NA,MichaelJones,MichaelJones,2019-11-20,2019-12-11,NA,21,21,NA,NA,FALSE,TRUE,FALSE,FALSE,FALSE,NA,FALSE,FALSE
2 - Minor,Todo,NA,RyanFord,RyanFord,2019-12-11,2019-12-11,NA,0,NA,NA,NA,FALSE,TRUE,FALSE,FALSE,FALSE,NA,FALSE,FALSE
2 - Minor,Todo,NA,RyanFord,RyanFord,2019-12-11,2019-12-11,NA,0,NA,NA,NA,FALSE,TRUE,FALSE,FALSE,FALSE,NA,FALSE,FALSE
2 - Minor,Resolved,ScottSummerford,JosephWallace,JosephWallace,2019-12-09,2019-12-11,2019-12-11,2,NA,2,NA,TRUE,FALSE,FALSE,TRUE,FALSE,TRUE,TRUE,TRUE
2 - Minor,Todo,NA,RyanFord,RyanFord,2019-12-05,2019-12-09,NA,4,NA,NA,NA,FALSE,TRUE,FALSE,FALSE,FALSE,NA,FALSE,FALSE
2 - Minor,Todo,NA,RyanFord,RyanFord,2019-12-06,2019-12-06,NA,0,NA,NA,NA,FALSE,TRUE,FALSE,FALSE,FALSE,NA,FALSE,FALSE
2 - Minor,Todo,NA,NancyKraus,NancyKraus,2019-12-03,2019-12-04,NA,1,NA,NA,NA,FALSE,TRUE,FALSE,FALSE,FALSE,NA,TRUE,TRUE
2 - Minor,Todo,NA,MattChild,MattChild,2019-12-03,2019-12-03,NA,0,NA,NA,NA,FALSE,TRUE,FALSE,FALSE,FALSE,NA,TRUE,TRUE
2 - Minor,Todo,NA,RyanFord,RyanFord,2019-11-19,2019-12-03,NA,14,14,NA,NA,FALSE,TRUE,FALSE,FALSE,FALSE,NA,FALSE,FALSE
2 - Minor,Todo,NA,JosephWallace,JosephWallace,2019-11-19,2019-12-03,NA,14,14,NA,NA,FALSE,TRUE,FALSE,FALSE,FALSE,NA,TRUE,TRUE
2 - Minor,Todo,NA,MattChild,MattChild,2019-12-02,2019-12-02,NA,0,NA,NA,NA,FALSE,TRUE,FALSE,FALSE,FALSE,NA,TRUE,TRUE
2 - Minor,Todo,NA,JosephWallace,JosephWallace,2019-11-15,2019-11-20,NA,5,5,NA,NA,FALSE,TRUE,FALSE,FALSE,FALSE,NA,TRUE,TRUE
2 - Minor,Todo,NA,NancyKraus,NancyKraus,2019-11-15,2019-11-20,NA,5,5,NA,NA,FALSE,TRUE,FALSE,FALSE,FALSE,NA,TRUE,TRUE
2 - Minor,Todo,NA,MattChild,MattChild,2019-11-18,2019-11-18,NA,0,NA,NA,NA,FALSE,TRUE,FALSE,FALSE,FALSE,NA,TRUE,TRUE
2 - Minor,Todo,NA,NancyKraus,NancyKraus,2019-11-15,2019-11-18,NA,3,NA,NA,NA,FALSE,TRUE,FALSE,FALSE,FALSE,NA,TRUE,TRUE
2 - Minor,Todo,NA,RyanFord,RyanFord,2019-11-13,2019-11-13,NA,0,NA,NA,NA,FALSE,TRUE,FALSE,FALSE,FALSE,NA,FALSE,FALSE
2 - Minor,Todo,NA,NancyKraus,NancyKraus,2019-11-05,2019-11-13,NA,8,8,NA,NA,FALSE,TRUE,FALSE,FALSE,FALSE,NA,TRUE,TRUE
2 - Minor,Todo,NA,RyanFord,RyanFord,2019-10-21,2019-11-13,NA,23,23,NA,NA,FALSE,TRUE,FALSE,FALSE,FALSE,NA,FALSE,FALSE
2 - Minor,Todo,NA,DrewPolhamus,DrewPolhamus,2019-10-23,2019-11-06,NA,14,14,NA,NA,FALSE,TRUE,FALSE,FALSE,FALSE,NA,TRUE,TRUE
2 - Minor,Todo,NA,RyanFord,RyanFord,2019-10-21,2019-10-22,NA,1,NA,NA,NA,FALSE,TRUE,FALSE,FALSE,FALSE,NA,FALSE,FALSE
2 - Minor,Todo,NA,MattChild,MattChild,2019-10-17,2019-10-21,NA,4,NA,NA,NA,FALSE,TRUE,FALSE,FALSE,FALSE,NA,TRUE,TRUE
2 - Minor,Todo,NA,ScottSummerford,ScottSummerford,2019-10-16,2019-10-21,NA,5,5,NA,NA,FALSE,TRUE,FALSE,FALSE,FALSE,NA,TRUE,TRUE
2 - Minor,Todo,NA,ScottSummerford,ScottSummerford,2019-10-16,2019-10-21,NA,5,5,NA,NA,FALSE,TRUE,FALSE,FALSE,FALSE,NA,TRUE,TRUE
2 - Minor,Todo,NA,RyanFord,RyanFord,2019-10-11,2019-10-21,NA,10,10,NA,NA,FALSE,TRUE,FALSE,FALSE,FALSE,NA,FALSE,FALSE
2 - Minor,Todo,NA,MichaelJones,MichaelJones,2019-09-09,2019-10-21,NA,42,42,NA,NA,FALSE,TRUE,FALSE,FALSE,FALSE,NA,FALSE,FALSE
2 - Minor,Todo,NA,MichaelJones,MichaelJones,2019-09-13,2019-10-18,NA,35,35,NA,NA,FALSE,TRUE,FALSE,FALSE,FALSE,NA,FALSE,FALSE
2 - Minor,Todo,NA,NancyKraus,NancyKraus,2019-06-24,2019-10-11,NA,109,109,NA,NA,FALSE,TRUE,FALSE,FALSE,FALSE,NA,TRUE,TRUE
2 - Minor,Todo,NA,MattChild,MattChild,2019-06-13,2019-10-11,NA,120,NA,NA,NA,FALSE,TRUE,FALSE,FALSE,FALSE,NA,TRUE,TRUE
2 - Minor,Todo,NA,MattChild,MattChild,2019-06-25,2019-10-11,NA,108,108,NA,NA,FALSE,TRUE,FALSE,FALSE,FALSE,NA,TRUE,TRUE
2 - Minor,Todo,NA,ScottSummerford,ScottSummerford,2019-10-01,2019-10-11,NA,10,10,NA,NA,FALSE,TRUE,FALSE,FALSE,FALSE,NA,TRUE,TRUE
2 - Minor,Todo,NA,NancyKraus,NancyKraus,2019-09-25,2019-10-11,NA,16,16,NA,NA,FALSE,TRUE,FALSE,FALSE,FALSE,NA,TRUE,TRUE
2 - Minor,Todo,NA,MichaelJones,MichaelJones,2019-09-18,2019-10-11,NA,23,23,NA,NA,FALSE,TRUE,FALSE,FALSE,FALSE,NA,FALSE,FALSE
2 - Minor,Todo,NA,MichaelJones,MichaelJones,2019-09-17,2019-10-11,NA,24,24,NA,NA,FALSE,TRUE,FALSE,FALSE,FALSE,NA,FALSE,FALSE
2 - Minor,Todo,NA,NancyKraus,NancyKraus,2019-09-17,2019-10-11,NA,24,24,NA,NA,FALSE,TRUE,FALSE,FALSE,FALSE,NA,TRUE,TRUE
2 - Minor,Todo,NA,MichaelJones,MichaelJones,2019-09-17,2019-10-11,NA,24,24,NA,NA,FALSE,TRUE,FALSE,FALSE,FALSE,NA,FALSE,FALSE
2 - Minor,Todo,NA,WilliamGoodwin,WilliamGoodwin,2019-09-16,2019-10-11,NA,25,25,NA,NA,FALSE,TRUE,FALSE,FALSE,FALSE,NA,FALSE,FALSE
2 - Minor,Todo,NA,WilliamGoodwin,WilliamGoodwin,2019-09-16,2019-10-11,NA,25,25,NA,NA,FALSE,TRUE,FALSE,FALSE,FALSE,NA,FALSE,FALSE
2 - Minor,Todo,NA,RyanFord,RyanFord,2019-09-17,2019-10-11,NA,24,24,NA,NA,FALSE,TRUE,FALSE,FALSE,FALSE,NA,FALSE,FALSE
2 - Minor,Todo,NA,MattChild,MattChild,2019-10-08,2019-10-11,NA,3,NA,NA,NA,FALSE,TRUE,FALSE,FALSE,FALSE,NA,TRUE,TRUE
2 - Minor,Todo,NA,MichaelJones,MichaelJones,2019-09-18,2019-10-10,NA,22,22,NA,NA,FALSE,TRUE,FALSE,FALSE,FALSE,NA,FALSE,FALSE
2 - Minor,Todo,NA,NancyKraus,NancyKraus,2019-08-14,2019-09-25,NA,42,42,NA,NA,FALSE,TRUE,FALSE,FALSE,FALSE,NA,TRUE,TRUE
2 - Minor,Resolved,PeterMorrissey,MichaelJones,MichaelJones,2019-07-18,2019-09-23,2019-09-23,67,67,67,67,TRUE,FALSE,FALSE,TRUE,FALSE,TRUE,FALSE,FALSE
2 - Minor,Todo,NA,MattChild,MattChild,2019-07-26,2019-09-17,NA,53,53,NA,NA,FALSE,TRUE,FALSE,FALSE,FALSE,NA,TRUE,TRUE
2 - Minor,Resolved,PeterMorrissey,RyanFord,RyanFord,2019-09-05,2019-09-16,2019-09-16,11,11,11,11,TRUE,FALSE,FALSE,TRUE,FALSE,TRUE,FALSE,FALSE
2 - Minor,Resolved,NancyKraus,NancyKraus,NancyKraus,2019-09-06,2019-09-16,2019-09-16,10,10,10,10,TRUE,FALSE,FALSE,TRUE,FALSE,TRUE,TRUE,TRUE
2 - Minor,Resolved,ScottSummerford,ScottSummerford,ScottSummerford,2019-09-11,2019-09-16,2019-09-16,5,5,5,NA,TRUE,FALSE,FALSE,TRUE,FALSE,TRUE,TRUE,TRUE
2 - Minor,Resolved,PeterMorrissey,NancyKraus,NancyKraus,2019-09-05,2019-09-16,2019-09-16,11,11,11,11,TRUE,FALSE,FALSE,TRUE,FALSE,TRUE,TRUE,TRUE
2 - Minor,Resolved,NancyKraus,NancyKraus,NancyKraus,2019-09-06,2019-09-16,2019-09-16,10,10,10,10,TRUE,FALSE,FALSE,TRUE,FALSE,TRUE,TRUE,TRUE
2 - Minor,Todo,NA,WilliamGoodwin,WilliamGoodwin,2019-09-10,2019-09-16,NA,6,6,NA,NA,FALSE,TRUE,FALSE,FALSE,FALSE,NA,FALSE,FALSE
2 - Minor,Todo,NA,RyanFord,RyanFord,2019-09-12,2019-09-16,NA,4,NA,NA,NA,FALSE,TRUE,FALSE,FALSE,FALSE,NA,FALSE,FALSE
2 - Minor,Todo,NA,RyanFord,RyanFord,2019-09-11,2019-09-16,NA,5,5,NA,NA,FALSE,TRUE,FALSE,FALSE,FALSE,NA,FALSE,FALSE
2 - Minor,Todo,NA,ScottSummerford,ScottSummerford,2019-09-13,2019-09-16,NA,3,NA,NA,NA,FALSE,TRUE,FALSE,FALSE,FALSE,NA,TRUE,TRUE
2 - Minor,Todo,NA,NancyKraus,NancyKraus,2019-08-27,2019-09-13,NA,17,17,NA,NA,FALSE,TRUE,FALSE,FALSE,FALSE,NA,TRUE,TRUE
2 - Minor,Resolved,ScottSummerford,NancyKraus,NancyKraus,2019-08-14,2019-09-13,2019-09-13,30,30,30,30,TRUE,FALSE,FALSE,TRUE,FALSE,TRUE,TRUE,TRUE
2 - Minor,Todo,NA,MattChild,MattChild,2019-09-09,2019-09-10,NA,1,NA,NA,NA,FALSE,TRUE,FALSE,FALSE,FALSE,NA,TRUE,TRUE
2 - Minor,Todo,NA,WilliamGoodwin,WilliamGoodwin,2019-09-04,2019-09-09,NA,5,5,NA,NA,FALSE,TRUE,FALSE,FALSE,FALSE,NA,FALSE,FALSE
2 - Minor,Ready For Test,NancyKraus,MattChild,MattChild,2019-02-15,2019-09-04,NA,201,NA,NA,NA,FALSE,TRUE,FALSE,TRUE,FALSE,TRUE,TRUE,TRUE
2 - Minor,Resolved,PeterMorrissey,PeterMorrissey,PeterMorrissey,2019-08-13,2019-08-30,2019-08-30,17,17,17,17,TRUE,FALSE,FALSE,TRUE,FALSE,TRUE,TRUE,TRUE
2 - Minor,Resolved,PeterMorrissey,NancyKraus,NancyKraus,2019-08-13,2019-08-30,2019-08-30,17,17,17,17,TRUE,FALSE,FALSE,TRUE,FALSE,TRUE,TRUE,TRUE
2 - Minor,Resolved,NancyKraus,MichaelJones,MichaelJones,2019-08-07,2019-08-29,2019-08-29,22,22,22,22,TRUE,FALSE,FALSE,TRUE,FALSE,TRUE,FALSE,FALSE
2 - Minor,Todo,NA,MichaelJones,MichaelJones,2019-08-28,2019-08-29,NA,1,NA,NA,NA,FALSE,TRUE,FALSE,FALSE,FALSE,NA,FALSE,FALSE
2 - Minor,Todo,NA,MichaelJones,MichaelJones,2019-08-15,2019-08-29,NA,14,14,NA,NA,FALSE,TRUE,FALSE,FALSE,FALSE,NA,FALSE,FALSE
2 - Minor,Todo,NA,NancyKraus,NancyKraus,2019-08-27,2019-08-29,NA,2,NA,NA,NA,FALSE,TRUE,FALSE,FALSE,FALSE,NA,TRUE,TRUE
2 - Minor,Todo,NA,MichaelJones,MichaelJones,2019-08-27,2019-08-29,NA,2,NA,NA,NA,FALSE,TRUE,FALSE,FALSE,FALSE,NA,FALSE,FALSE
2 - Minor,Todo,NA,PeterMorrissey,PeterMorrissey,2019-07-18,2019-08-27,NA,40,40,NA,NA,FALSE,TRUE,FALSE,FALSE,FALSE,NA,TRUE,TRUE
2 - Minor,Resolved,PeterMorrissey,MattChild,MattChild,2019-08-15,2019-08-27,2019-08-27,12,12,12,12,TRUE,FALSE,FALSE,TRUE,FALSE,TRUE,TRUE,TRUE
2 - Minor,Todo,NA,RyanFord,RyanFord,2019-08-23,2019-08-26,NA,3,NA,NA,NA,FALSE,TRUE,FALSE,FALSE,FALSE,NA,FALSE,FALSE
2 - Minor,Todo,PeterMorrissey,MattChild,MattChild,2019-07-23,2019-08-26,NA,34,34,NA,NA,FALSE,TRUE,FALSE,TRUE,FALSE,TRUE,TRUE,TRUE
2 - Minor,Resolved,NancyKraus,NathanielFrazier,NathanielFrazier,2019-07-31,2019-08-23,2019-08-23,23,23,23,23,TRUE,FALSE,FALSE,TRUE,FALSE,TRUE,FALSE,FALSE
2 - Minor,Todo,NA,MattChild,MattChild,2019-05-24,2019-08-21,NA,89,89,NA,NA,FALSE,TRUE,FALSE,FALSE,FALSE,NA,TRUE,TRUE
2 - Minor,Todo,NA,NancyKraus,NancyKraus,2019-08-14,2019-08-19,NA,5,5,NA,NA,FALSE,TRUE,FALSE,FALSE,FALSE,NA,TRUE,TRUE
2 - Minor,Todo,NA,NancyKraus,NancyKraus,2019-08-14,2019-08-19,NA,5,5,NA,NA,FALSE,TRUE,FALSE,FALSE,FALSE,NA,TRUE,TRUE
2 - Minor,Todo,NA,RyanFord,RyanFord,2019-08-14,2019-08-19,NA,5,5,NA,NA,FALSE,TRUE,FALSE,FALSE,FALSE,NA,FALSE,FALSE
2 - Minor,Resolved,PeterMorrissey,PeterMorrissey,PeterMorrissey,2019-08-02,2019-08-14,2019-08-14,12,12,12,12,TRUE,FALSE,FALSE,TRUE,FALSE,TRUE,TRUE,TRUE
2 - Minor,Todo,NA,MattChild,MattChild,2019-07-24,2019-08-14,NA,21,21,NA,NA,FALSE,TRUE,FALSE,FALSE,FALSE,NA,TRUE,TRUE
2 - Minor,Todo,NA,MattChild,MattChild,2019-08-08,2019-08-13,NA,5,5,NA,NA,FALSE,TRUE,FALSE,FALSE,FALSE,NA,TRUE,TRUE
2 - Minor,Todo,NA,NancyKraus,NancyKraus,2019-07-26,2019-08-13,NA,18,18,NA,NA,FALSE,TRUE,FALSE,FALSE,FALSE,NA,TRUE,TRUE
2 - Minor,Todo,NA,NancyKraus,NancyKraus,2019-07-31,2019-08-13,NA,13,13,NA,NA,FALSE,TRUE,FALSE,FALSE,FALSE,NA,TRUE,TRUE
2 - Minor,Todo,NA,MichaelJones,MichaelJones,2019-08-07,2019-08-09,NA,2,NA,NA,NA,FALSE,TRUE,FALSE,FALSE,FALSE,NA,FALSE,FALSE
2 - Minor,Todo,NA,MichaelJones,MichaelJones,2019-08-07,2019-08-09,NA,2,NA,NA,NA,FALSE,TRUE,FALSE,FALSE,FALSE,NA,FALSE,FALSE
2 - Minor,Todo,NA,MichaelJones,MichaelJones,2019-08-05,2019-08-09,NA,4,NA,NA,NA,FALSE,TRUE,FALSE,FALSE,FALSE,NA,FALSE,FALSE
2 - Minor,Todo,NA,PeterMorrissey,PeterMorrissey,2019-07-08,2019-08-07,NA,30,30,NA,NA,FALSE,TRUE,FALSE,FALSE,FALSE,NA,TRUE,TRUE
2 - Minor,Resolved,PeterMorrissey,MichaelJones,MichaelJones,2019-06-13,2019-07-31,2019-07-31,48,48,48,48,TRUE,FALSE,FALSE,TRUE,FALSE,TRUE,FALSE,FALSE
2 - Minor,Todo,NA,NancyKraus,NancyKraus,2019-07-24,2019-07-25,NA,1,NA,NA,NA,FALSE,TRUE,FALSE,FALSE,FALSE,NA,TRUE,TRUE
2 - Minor,Todo,NA,NancyKraus,NancyKraus,2019-01-30,2019-07-25,NA,176,NA,NA,NA,FALSE,TRUE,FALSE,FALSE,FALSE,NA,TRUE,TRUE
2 - Minor,Resolved,NA,ScottSummerford,ScottSummerford,2019-07-19,2019-07-23,2019-07-23,4,NA,4,NA,TRUE,FALSE,FALSE,FALSE,FALSE,NA,TRUE,TRUE
2 - Minor,Todo,NA,PeterMorrissey,PeterMorrissey,2019-07-18,2019-07-23,NA,5,5,NA,NA,FALSE,TRUE,FALSE,FALSE,FALSE,NA,TRUE,TRUE
2 - Minor,Todo,NA,NancyKraus,NancyKraus,2019-07-19,2019-07-23,NA,4,NA,NA,NA,FALSE,TRUE,FALSE,FALSE,FALSE,NA,TRUE,TRUE
2 - Minor,Todo,NA,AlanJones,AlanJones,2019-07-22,2019-07-23,NA,1,NA,NA,NA,FALSE,TRUE,FALSE,FALSE,FALSE,NA,FALSE,FALSE
2 - Minor,Todo,NA,MattChild,MattChild,2019-07-22,2019-07-22,NA,0,NA,NA,NA,FALSE,TRUE,FALSE,FALSE,FALSE,NA,TRUE,TRUE
2 - Minor,Todo,NA,MattChild,MattChild,2019-07-22,2019-07-22,NA,0,NA,NA,NA,FALSE,TRUE,FALSE,FALSE,FALSE,NA,TRUE,TRUE
2 - Minor,Todo,NA,RyanScranton,RyanScranton,2019-06-11,2019-07-22,NA,41,41,NA,NA,FALSE,TRUE,FALSE,FALSE,FALSE,NA,FALSE,FALSE
2 - Minor,Resolved,PeterMorrissey,RyanScranton,RyanScranton,2019-04-16,2019-07-17,2019-07-17,92,92,92,NA,TRUE,FALSE,FALSE,TRUE,FALSE,TRUE,FALSE,FALSE
2 - Minor,Resolved,NancyKraus,PeterMorrissey,PeterMorrissey,2019-07-15,2019-07-16,2019-07-16,1,NA,1,NA,TRUE,FALSE,FALSE,TRUE,FALSE,TRUE,TRUE,TRUE
2 - Minor,Resolved,NancyKraus,NancyKraus,NancyKraus,2019-06-18,2019-07-12,2019-07-12,24,24,24,24,TRUE,FALSE,FALSE,TRUE,FALSE,TRUE,TRUE,TRUE
2 - Minor,Todo,NA,RyanScranton,RyanScranton,2018-04-17,2019-07-05,NA,444,NA,NA,NA,FALSE,TRUE,FALSE,FALSE,FALSE,NA,FALSE,FALSE
2 - Minor,Todo,NA,RyanScranton,RyanScranton,2018-10-23,2019-07-05,NA,255,NA,NA,NA,FALSE,TRUE,FALSE,FALSE,FALSE,NA,FALSE,FALSE
2 - Minor,Todo,NA,MattChild,MattChild,2018-11-08,2019-07-05,NA,239,NA,NA,NA,FALSE,TRUE,FALSE,FALSE,FALSE,NA,TRUE,TRUE
2 - Minor,Todo,NA,RyanScranton,RyanScranton,2018-12-14,2019-07-05,NA,203,NA,NA,NA,FALSE,TRUE,FALSE,FALSE,FALSE,NA,FALSE,FALSE
2 - Minor,Todo,NA,RyanScranton,RyanScranton,2018-08-14,2019-07-05,NA,325,NA,NA,NA,FALSE,TRUE,FALSE,FALSE,FALSE,NA,FALSE,FALSE
2 - Minor,Todo,NA,MattChild,MattChild,2017-11-07,2019-07-05,NA,605,NA,NA,NA,FALSE,TRUE,FALSE,FALSE,FALSE,NA,TRUE,TRUE
2 - Minor,Todo,NA,DanielBiester,DanielBiester,2018-01-10,2019-07-05,NA,541,NA,NA,NA,FALSE,TRUE,FALSE,FALSE,FALSE,NA,TRUE,TRUE
2 - Minor,Todo,NA,NancyKraus,NancyKraus,2018-02-20,2019-07-05,NA,500,NA,NA,NA,FALSE,TRUE,FALSE,FALSE,FALSE,NA,TRUE,TRUE
2 - Minor,Todo,NA,RyanScranton,RyanScranton,2018-03-15,2019-07-05,NA,477,NA,NA,NA,FALSE,TRUE,FALSE,FALSE,FALSE,NA,FALSE,FALSE
2 - Minor,Todo,NA,MattChild,MattChild,2018-01-03,2019-07-05,NA,548,NA,NA,NA,FALSE,TRUE,FALSE,FALSE,FALSE,NA,TRUE,TRUE
2 - Minor,Todo,NA,RyanScranton,RyanScranton,2018-11-27,2019-07-05,NA,220,NA,NA,NA,FALSE,TRUE,FALSE,FALSE,FALSE,NA,FALSE,FALSE
2 - Minor,Todo,NA,BrittanyMcCray,BrittanyMcCray,2018-02-12,2019-07-05,NA,508,NA,NA,NA,FALSE,TRUE,FALSE,FALSE,FALSE,NA,FALSE,FALSE
2 - Minor,Todo,NA,MattChild,MattChild,2019-02-22,2019-07-05,NA,133,NA,NA,NA,FALSE,TRUE,FALSE,FALSE,FALSE,NA,TRUE,TRUE
2 - Minor,Todo,PeteSchatz,MattChild,MattChild,2018-12-13,2019-07-05,NA,204,NA,NA,NA,FALSE,TRUE,FALSE,TRUE,FALSE,TRUE,TRUE,TRUE
2 - Minor,Todo,NA,RyanScranton,RyanScranton,2019-03-08,2019-07-05,NA,119,119,NA,NA,FALSE,TRUE,FALSE,FALSE,FALSE,NA,FALSE,FALSE
2 - Minor,Todo,NA,RyanScranton,RyanScranton,2019-03-12,2019-07-05,NA,115,115,NA,NA,FALSE,TRUE,FALSE,FALSE,FALSE,NA,FALSE,FALSE
2 - Minor,Todo,NA,BrittanyMcCray,BrittanyMcCray,2018-03-07,2019-07-05,NA,485,NA,NA,NA,FALSE,TRUE,FALSE,FALSE,FALSE,NA,FALSE,FALSE
2 - Minor,Todo,NA,JohnSieck,JohnSieck,2018-02-14,2019-07-05,NA,506,NA,NA,NA,FALSE,TRUE,FALSE,FALSE,FALSE,NA,FALSE,FALSE
2 - Minor,Todo,NA,MattChild,MattChild,2018-02-09,2019-07-05,NA,511,NA,NA,NA,FALSE,TRUE,FALSE,FALSE,FALSE,NA,TRUE,TRUE
2 - Minor,Todo,NA,DanielBiester,DanielBiester,2017-12-04,2019-07-05,NA,578,NA,NA,NA,FALSE,TRUE,FALSE,FALSE,FALSE,NA,TRUE,TRUE
2 - Minor,Todo,NA,MattChild,MattChild,2017-11-07,2019-07-05,NA,605,NA,NA,NA,FALSE,TRUE,FALSE,FALSE,FALSE,NA,TRUE,TRUE
2 - Minor,Todo,NA,NancyKraus,NancyKraus,2018-01-12,2019-07-05,NA,539,NA,NA,NA,FALSE,TRUE,FALSE,FALSE,FALSE,NA,TRUE,TRUE
2 - Minor,Todo,NA,RyanScranton,RyanScranton,2018-01-31,2019-07-05,NA,520,NA,NA,NA,FALSE,TRUE,FALSE,FALSE,FALSE,NA,FALSE,FALSE
2 - Minor,Todo,NA,JohnSieck,JohnSieck,2018-02-15,2019-07-05,NA,505,NA,NA,NA,FALSE,TRUE,FALSE,FALSE,FALSE,NA,FALSE,FALSE
2 - Minor,Todo,NA,RyanScranton,RyanScranton,2017-12-08,2019-07-05,NA,574,NA,NA,NA,FALSE,TRUE,FALSE,FALSE,FALSE,NA,FALSE,FALSE
2 - Minor,Todo,NA,MattChild,MattChild,2017-09-13,2019-07-05,NA,660,NA,NA,NA,FALSE,TRUE,FALSE,FALSE,FALSE,NA,TRUE,TRUE
2 - Minor,Todo,NA,MattChild,MattChild,2017-10-03,2019-07-05,NA,640,NA,NA,NA,FALSE,TRUE,FALSE,FALSE,FALSE,NA,TRUE,TRUE
2 - Minor,Todo,NA,RyanScranton,RyanScranton,2017-06-08,2019-07-05,NA,757,NA,NA,NA,FALSE,TRUE,FALSE,FALSE,FALSE,NA,FALSE,FALSE
2 - Minor,Todo,NA,RyanScranton,RyanScranton,2017-06-08,2019-07-05,NA,757,NA,NA,NA,FALSE,TRUE,FALSE,FALSE,FALSE,NA,FALSE,FALSE
2 - Minor,Todo,NA,MattChild,MattChild,2017-11-06,2019-07-05,NA,606,NA,NA,NA,FALSE,TRUE,FALSE,FALSE,FALSE,NA,TRUE,TRUE
2 - Minor,Todo,NA,MattChild,MattChild,2017-10-24,2019-07-05,NA,619,NA,NA,NA,FALSE,TRUE,FALSE,FALSE,FALSE,NA,TRUE,TRUE
2 - Minor,Todo,NA,MattChild,MattChild,2018-02-27,2019-07-05,NA,493,NA,NA,NA,FALSE,TRUE,FALSE,FALSE,FALSE,NA,TRUE,TRUE
2 - Minor,Todo,NA,MattChild,MattChild,2018-04-18,2019-07-05,NA,443,NA,NA,NA,FALSE,TRUE,FALSE,FALSE,FALSE,NA,TRUE,TRUE
2 - Minor,Todo,NA,RyanScranton,RyanScranton,2019-07-04,2019-07-05,NA,1,NA,NA,NA,FALSE,TRUE,FALSE,FALSE,FALSE,NA,FALSE,FALSE
2 - Minor,Todo,NA,RyanScranton,RyanScranton,2017-04-21,2019-07-05,NA,805,NA,NA,NA,FALSE,TRUE,FALSE,FALSE,FALSE,NA,FALSE,FALSE
2 - Minor,Todo,NA,DanielBiester,DanielBiester,2017-10-18,2019-07-05,NA,625,NA,NA,NA,FALSE,TRUE,FALSE,FALSE,FALSE,NA,TRUE,TRUE
2 - Minor,Todo,NA,MattChild,MattChild,2018-02-28,2019-07-05,NA,492,NA,NA,NA,FALSE,TRUE,FALSE,FALSE,FALSE,NA,TRUE,TRUE
2 - Minor,Todo,NA,RyanScranton,RyanScranton,2018-01-24,2019-07-05,NA,527,NA,NA,NA,FALSE,TRUE,FALSE,FALSE,FALSE,NA,FALSE,FALSE
2 - Minor,Todo,NA,MattChild,MattChild,2017-06-14,2019-07-05,NA,751,NA,NA,NA,FALSE,TRUE,FALSE,FALSE,FALSE,NA,TRUE,TRUE
2 - Minor,Todo,NA,RyanScranton,RyanScranton,2018-03-06,2019-07-05,NA,486,NA,NA,NA,FALSE,TRUE,FALSE,FALSE,FALSE,NA,FALSE,FALSE
2 - Minor,Todo,NA,MattChild,MattChild,2018-01-05,2019-07-05,NA,546,NA,NA,NA,FALSE,TRUE,FALSE,FALSE,FALSE,NA,TRUE,TRUE
2 - Minor,Todo,NA,MattChild,MattChild,2018-06-28,2019-07-05,NA,372,NA,NA,NA,FALSE,TRUE,FALSE,FALSE,FALSE,NA,TRUE,TRUE
2 - Minor,Todo,NA,RyanScranton,RyanScranton,2019-07-03,2019-07-05,NA,2,NA,NA,NA,FALSE,TRUE,FALSE,FALSE,FALSE,NA,FALSE,FALSE
2 - Minor,Todo,NA,NancyKraus,NancyKraus,2018-01-16,2019-06-28,NA,528,NA,NA,NA,FALSE,TRUE,FALSE,FALSE,FALSE,NA,TRUE,TRUE
2 - Minor,Todo,NA,NancyKraus,NancyKraus,2018-08-17,2019-06-28,NA,315,NA,NA,NA,FALSE,TRUE,FALSE,FALSE,FALSE,NA,TRUE,TRUE
2 - Minor,Todo,NA,RyanFord,RyanFord,2019-06-17,2019-06-24,NA,7,7,NA,NA,FALSE,TRUE,FALSE,FALSE,FALSE,NA,FALSE,FALSE
2 - Minor,Todo,NA,RyanScranton,RyanScranton,2019-06-11,2019-06-12,NA,1,NA,NA,NA,FALSE,TRUE,FALSE,FALSE,FALSE,NA,FALSE,FALSE
2 - Minor,Todo,NA,RyanScranton,RyanScranton,2019-06-11,2019-06-12,NA,1,NA,NA,NA,FALSE,TRUE,FALSE,FALSE,FALSE,NA,FALSE,FALSE
2 - Minor,Todo,NA,RyanScranton,RyanScranton,2019-06-11,2019-06-12,NA,1,NA,NA,NA,FALSE,TRUE,FALSE,FALSE,FALSE,NA,FALSE,FALSE
2 - Minor,Todo,NA,RyanScranton,RyanScranton,2019-06-11,2019-06-12,NA,1,NA,NA,NA,FALSE,TRUE,FALSE,FALSE,FALSE,NA,FALSE,FALSE
2 - Minor,Resolved,PeterMorrissey,RyanScranton,RyanScranton,2019-06-07,2019-06-11,2019-06-11,4,NA,4,NA,TRUE,FALSE,FALSE,TRUE,FALSE,TRUE,FALSE,FALSE
2 - Minor,Resolved,ScottSummerford,RyanScranton,RyanScranton,2019-06-06,2019-06-11,2019-06-11,5,5,5,NA,TRUE,FALSE,FALSE,TRUE,FALSE,TRUE,FALSE,FALSE
2 - Minor,Todo,NA,MattChild,MattChild,2019-06-07,2019-06-10,NA,3,NA,NA,NA,FALSE,TRUE,FALSE,FALSE,FALSE,NA,TRUE,TRUE
2 - Minor,Todo,NA,RyanScranton,RyanScranton,2019-06-10,2019-06-10,NA,0,NA,NA,NA,FALSE,TRUE,FALSE,FALSE,FALSE,NA,FALSE,FALSE
2 - Minor,Todo,NA,ScottSummerford,ScottSummerford,2019-06-06,2019-06-07,NA,1,NA,NA,NA,FALSE,TRUE,FALSE,FALSE,FALSE,NA,TRUE,TRUE
2 - Minor,Todo,NA,RyanScranton,RyanScranton,2019-06-06,2019-06-07,NA,1,NA,NA,NA,FALSE,TRUE,FALSE,FALSE,FALSE,NA,FALSE,FALSE
2 - Minor,Todo,NA,NathanielFrazier,NathanielFrazier,2019-05-29,2019-06-05,NA,7,7,NA,NA,FALSE,TRUE,FALSE,FALSE,FALSE,NA,FALSE,FALSE
2 - Minor,Todo,NA,RyanScranton,RyanScranton,2019-03-26,2019-06-05,NA,71,71,NA,NA,FALSE,TRUE,FALSE,FALSE,FALSE,NA,FALSE,FALSE
2 - Minor,Todo,NA,MichaelJones,MichaelJones,2019-05-13,2019-06-05,NA,23,23,NA,NA,FALSE,TRUE,FALSE,FALSE,FALSE,NA,FALSE,FALSE
2 - Minor,Todo,NA,RyanScranton,RyanScranton,2018-03-15,2019-06-03,NA,445,NA,NA,NA,FALSE,TRUE,FALSE,FALSE,FALSE,NA,FALSE,FALSE
2 - Minor,Todo,NA,RyanScranton,RyanScranton,2018-03-08,2019-06-03,NA,452,NA,NA,NA,FALSE,TRUE,FALSE,FALSE,FALSE,NA,FALSE,FALSE
2 - Minor,Todo,NA,RyanScranton,RyanScranton,2018-03-08,2019-06-03,NA,452,NA,NA,NA,FALSE,TRUE,FALSE,FALSE,FALSE,NA,FALSE,FALSE
2 - Minor,Resolved,ScottSummerford,RyanScranton,RyanScranton,2019-05-08,2019-05-24,2019-05-24,16,16,16,16,TRUE,FALSE,FALSE,TRUE,FALSE,TRUE,FALSE,FALSE
2 - Minor,Todo,NA,DrewPolhamus,DrewPolhamus,2019-05-22,2019-05-23,NA,1,NA,NA,NA,FALSE,TRUE,FALSE,FALSE,FALSE,NA,TRUE,TRUE
2 - Minor,Todo,NA,PeterMorrissey,PeterMorrissey,2019-05-07,2019-05-23,NA,16,16,NA,NA,FALSE,TRUE,FALSE,FALSE,FALSE,NA,TRUE,TRUE
2 - Minor,Todo,NA,RyanScranton,RyanScranton,2019-05-09,2019-05-23,NA,14,14,NA,NA,FALSE,TRUE,FALSE,FALSE,FALSE,NA,FALSE,FALSE
2 - Minor,Todo,NA,RyanScranton,RyanScranton,2019-05-06,2019-05-23,NA,17,17,NA,NA,FALSE,TRUE,FALSE,FALSE,FALSE,NA,FALSE,FALSE
2 - Minor,Todo,NA,NancyKraus,NancyKraus,2019-04-24,2019-05-23,NA,29,29,NA,NA,FALSE,TRUE,FALSE,FALSE,FALSE,NA,TRUE,TRUE
2 - Minor,Todo,NA,MichaelJones,MichaelJones,2019-04-22,2019-05-23,NA,31,31,NA,NA,FALSE,TRUE,FALSE,FALSE,FALSE,NA,FALSE,FALSE
2 - Minor,Todo,NA,PeterMorrissey,PeterMorrissey,2019-04-05,2019-05-23,NA,48,48,NA,NA,FALSE,TRUE,FALSE,FALSE,FALSE,NA,TRUE,TRUE
2 - Minor,Resolved,DrewPolhamus,RyanScranton,RyanScranton,2019-05-06,2019-05-09,2019-05-09,3,NA,3,NA,TRUE,FALSE,FALSE,TRUE,FALSE,TRUE,FALSE,FALSE
2 - Minor,Resolved,DrewPolhamus,RyanScranton,RyanScranton,2019-05-07,2019-05-09,2019-05-09,2,NA,2,NA,TRUE,FALSE,FALSE,TRUE,FALSE,TRUE,FALSE,FALSE
2 - Minor,Resolved,DrewPolhamus,NancyKraus,NancyKraus,2019-04-17,2019-05-08,2019-05-08,21,21,21,21,TRUE,FALSE,FALSE,TRUE,FALSE,TRUE,TRUE,TRUE
2 - Minor,Todo,NA,ScottSummerford,ScottSummerford,2019-05-08,2019-05-08,NA,0,NA,NA,NA,FALSE,TRUE,FALSE,FALSE,FALSE,NA,TRUE,TRUE
2 - Minor,Resolved,ScottSummerford,MattChild,MattChild,2019-03-28,2019-04-25,2019-04-25,28,28,28,28,TRUE,FALSE,FALSE,TRUE,FALSE,TRUE,TRUE,TRUE
2 - Minor,Todo,NA,MichaelJones,MichaelJones,2019-03-25,2019-04-22,NA,28,28,NA,NA,FALSE,TRUE,FALSE,FALSE,FALSE,NA,FALSE,FALSE
2 - Minor,Todo,NA,MichaelJones,MichaelJones,2019-03-25,2019-04-22,NA,28,28,NA,NA,FALSE,TRUE,FALSE,FALSE,FALSE,NA,FALSE,FALSE
2 - Minor,Todo,NA,RyanScranton,RyanScranton,2018-03-08,2019-04-22,NA,410,NA,NA,NA,FALSE,TRUE,FALSE,FALSE,FALSE,NA,FALSE,FALSE
2 - Minor,Todo,NA,MichaelJones,MichaelJones,2019-04-22,2019-04-22,NA,0,NA,NA,NA,FALSE,TRUE,FALSE,FALSE,FALSE,NA,FALSE,FALSE
2 - Minor,Resolved,ScottSummerford,ScottSummerford,ScottSummerford,2019-03-26,2019-04-12,2019-04-12,17,17,17,17,TRUE,FALSE,FALSE,TRUE,FALSE,TRUE,TRUE,TRUE
2 - Minor,Resolved,PeterMorrissey,PeterMorrissey,PeterMorrissey,2019-04-01,2019-04-12,2019-04-12,11,11,11,11,TRUE,FALSE,FALSE,TRUE,FALSE,TRUE,TRUE,TRUE
2 - Minor,Todo,NA,RyanScranton,RyanScranton,2019-02-21,2019-04-12,NA,50,50,NA,NA,FALSE,TRUE,FALSE,FALSE,FALSE,NA,FALSE,FALSE
2 - Minor,Todo,NA,RyanScranton,RyanScranton,2019-01-09,2019-04-12,NA,93,93,NA,NA,FALSE,TRUE,FALSE,FALSE,FALSE,NA,FALSE,FALSE
2 - Minor,Todo,NA,MichaelJones,MichaelJones,2019-03-18,2019-04-12,NA,25,25,NA,NA,FALSE,TRUE,FALSE,FALSE,FALSE,NA,FALSE,FALSE
2 - Minor,Todo,NA,PeterMorrissey,PeterMorrissey,2019-03-06,2019-04-12,NA,37,37,NA,NA,FALSE,TRUE,FALSE,FALSE,FALSE,NA,TRUE,TRUE
2 - Minor,Todo,NA,RyanScranton,RyanScranton,2019-02-27,2019-04-12,NA,44,44,NA,NA,FALSE,TRUE,FALSE,FALSE,FALSE,NA,FALSE,FALSE
2 - Minor,Todo,NA,ScottSummerford,ScottSummerford,2019-02-21,2019-03-28,NA,35,35,NA,NA,FALSE,TRUE,FALSE,FALSE,FALSE,NA,TRUE,TRUE
2 - Minor,Resolved,NancyKraus,RyanScranton,RyanScranton,2019-03-26,2019-03-27,2019-03-27,1,NA,1,NA,TRUE,FALSE,FALSE,TRUE,FALSE,TRUE,FALSE,FALSE
2 - Minor,Resolved,PeterMorrissey,RyanScranton,RyanScranton,2019-03-25,2019-03-27,2019-03-27,2,NA,2,NA,TRUE,FALSE,FALSE,TRUE,FALSE,TRUE,FALSE,FALSE
2 - Minor,Resolved,PeterMorrissey,RyanScranton,RyanScranton,2019-03-25,2019-03-27,2019-03-27,2,NA,2,NA,TRUE,FALSE,FALSE,TRUE,FALSE,TRUE,FALSE,FALSE
2 - Minor,Todo,NA,RyanScranton,RyanScranton,2019-03-26,2019-03-26,NA,0,NA,NA,NA,FALSE,TRUE,FALSE,FALSE,FALSE,NA,FALSE,FALSE
2 - Minor,Todo,NA,BrittanyMcCray,BrittanyMcCray,2018-03-13,2019-03-25,NA,377,NA,NA,NA,FALSE,TRUE,FALSE,FALSE,FALSE,NA,FALSE,FALSE
2 - Minor,Todo,NA,RyanScranton,RyanScranton,2017-12-05,2019-03-25,NA,475,NA,NA,NA,FALSE,TRUE,FALSE,FALSE,FALSE,NA,FALSE,FALSE
2 - Minor,Todo,NA,RyanScranton,RyanScranton,2018-03-08,2019-03-25,NA,382,NA,NA,NA,FALSE,TRUE,FALSE,FALSE,FALSE,NA,FALSE,FALSE
2 - Minor,Todo,NA,RyanScranton,RyanScranton,2018-03-09,2019-03-25,NA,381,NA,NA,NA,FALSE,TRUE,FALSE,FALSE,FALSE,NA,FALSE,FALSE
2 - Minor,Todo,NA,RyanScranton,RyanScranton,2018-03-09,2019-03-25,NA,381,NA,NA,NA,FALSE,TRUE,FALSE,FALSE,FALSE,NA,FALSE,FALSE
2 - Minor,Todo,NA,RyanScranton,RyanScranton,2018-03-08,2019-03-25,NA,382,NA,NA,NA,FALSE,TRUE,FALSE,FALSE,FALSE,NA,FALSE,FALSE
2 - Minor,Todo,NA,RyanScranton,RyanScranton,2018-03-09,2019-03-25,NA,381,NA,NA,NA,FALSE,TRUE,FALSE,FALSE,FALSE,NA,FALSE,FALSE
2 - Minor,Todo,NA,RyanScranton,RyanScranton,2018-03-08,2019-03-25,NA,382,NA,NA,NA,FALSE,TRUE,FALSE,FALSE,FALSE,NA,FALSE,FALSE
2 - Minor,Todo,NA,RyanScranton,RyanScranton,2018-03-08,2019-03-25,NA,382,NA,NA,NA,FALSE,TRUE,FALSE,FALSE,FALSE,NA,FALSE,FALSE
2 - Minor,Todo,NA,RyanScranton,RyanScranton,2018-03-08,2019-03-25,NA,382,NA,NA,NA,FALSE,TRUE,FALSE,FALSE,FALSE,NA,FALSE,FALSE
2 - Minor,Todo,NA,MattChild,MattChild,2019-02-18,2019-02-18,NA,0,NA,NA,NA,FALSE,TRUE,FALSE,FALSE,FALSE,NA,TRUE,TRUE
2 - Minor,Closed,NA,MattChild,MattChild,2019-01-15,2019-02-14,NA,30,30,NA,NA,FALSE,FALSE,TRUE,FALSE,FALSE,NA,TRUE,TRUE
2 - Minor,Todo,NA,MichaelJones,MichaelJones,2019-02-11,2019-02-11,NA,0,NA,NA,NA,FALSE,TRUE,FALSE,FALSE,FALSE,NA,FALSE,FALSE
2 - Minor,Todo,NA,MatthewDavis,MatthewDavis,2017-11-21,2019-02-05,NA,441,NA,NA,NA,FALSE,TRUE,FALSE,FALSE,FALSE,NA,FALSE,FALSE
2 - Minor,Resolved,NA,RyanScranton,RyanScranton,2019-01-29,2019-02-01,2019-02-01,3,NA,3,NA,TRUE,FALSE,FALSE,FALSE,FALSE,NA,FALSE,FALSE
2 - Minor,Resolved,NancyKraus,RyanScranton,RyanScranton,2019-01-29,2019-02-01,2019-02-01,3,NA,3,NA,TRUE,FALSE,FALSE,TRUE,FALSE,TRUE,FALSE,FALSE
2 - Minor,Resolved,MasonVines,RyanScranton,RyanScranton,2019-01-28,2019-02-01,2019-02-01,4,NA,4,NA,TRUE,FALSE,FALSE,TRUE,FALSE,TRUE,FALSE,FALSE
2 - Minor,Resolved,NancyKraus,RyanScranton,RyanScranton,2019-01-28,2019-02-01,2019-02-01,4,NA,4,NA,TRUE,FALSE,FALSE,TRUE,FALSE,TRUE,FALSE,FALSE
2 - Minor,Resolved,NancyKraus,RyanScranton,RyanScranton,2019-01-29,2019-02-01,2019-02-01,3,NA,3,NA,TRUE,FALSE,FALSE,TRUE,FALSE,TRUE,FALSE,FALSE
2 - Minor,Resolved,PeterMorrissey,RyanScranton,RyanScranton,2019-01-29,2019-02-01,2019-02-01,3,NA,3,NA,TRUE,FALSE,FALSE,TRUE,FALSE,TRUE,FALSE,FALSE
2 - Minor,Todo,NA,RyanScranton,RyanScranton,2019-01-29,2019-01-31,NA,2,NA,NA,NA,FALSE,TRUE,FALSE,FALSE,FALSE,NA,FALSE,FALSE
2 - Minor,Todo,NA,RyanScranton,RyanScranton,2019-01-29,2019-01-29,NA,0,NA,NA,NA,FALSE,TRUE,FALSE,FALSE,FALSE,NA,FALSE,FALSE
2 - Minor,Resolved,NancyKraus,RyanScranton,RyanScranton,2019-01-28,2019-01-28,2019-01-28,0,NA,0,NA,TRUE,FALSE,FALSE,TRUE,FALSE,TRUE,FALSE,FALSE
2 - Minor,Todo,NA,RyanScranton,RyanScranton,2019-01-25,2019-01-28,NA,3,NA,NA,NA,FALSE,TRUE,FALSE,FALSE,FALSE,NA,FALSE,FALSE
2 - Minor,Todo,NA,RyanScranton,RyanScranton,2019-01-28,2019-01-28,NA,0,NA,NA,NA,FALSE,TRUE,FALSE,FALSE,FALSE,NA,FALSE,FALSE
2 - Minor,Resolved,DrewPolhamus,RyanScranton,RyanScranton,2019-01-25,2019-01-28,2019-01-28,3,NA,3,NA,TRUE,FALSE,FALSE,TRUE,FALSE,TRUE,FALSE,FALSE
2 - Minor,Resolved,PeterMorrissey,RyanScranton,RyanScranton,2019-01-25,2019-01-28,2019-01-28,3,NA,3,NA,TRUE,FALSE,FALSE,TRUE,FALSE,TRUE,FALSE,FALSE
2 - Minor,Todo,NA,RyanScranton,RyanScranton,2019-01-14,2019-01-25,NA,11,11,NA,NA,FALSE,TRUE,FALSE,FALSE,FALSE,NA,FALSE,FALSE
2 - Minor,Todo,NA,RyanScranton,RyanScranton,2019-01-25,2019-01-25,NA,0,NA,NA,NA,FALSE,TRUE,FALSE,FALSE,FALSE,NA,FALSE,FALSE
2 - Minor,Todo,NA,RyanScranton,RyanScranton,2019-01-25,2019-01-25,NA,0,NA,NA,NA,FALSE,TRUE,FALSE,FALSE,FALSE,NA,FALSE,FALSE
2 - Minor,Resolved,PeterMorrissey,PeterMorrissey,PeterMorrissey,2019-01-23,2019-01-24,2019-01-24,1,NA,1,NA,TRUE,FALSE,FALSE,TRUE,FALSE,TRUE,TRUE,TRUE
2 - Minor,Todo,NA,RyanScranton,RyanScranton,2018-04-26,2019-01-24,NA,273,NA,NA,NA,FALSE,TRUE,FALSE,FALSE,FALSE,NA,FALSE,FALSE
2 - Minor,Resolved,PeterMorrissey,RyanScranton,RyanScranton,2019-01-23,2019-01-24,2019-01-24,1,NA,1,NA,TRUE,FALSE,FALSE,TRUE,FALSE,TRUE,FALSE,FALSE
2 - Minor,Resolved,DrewPolhamus,MichaelJones,MichaelJones,2019-01-23,2019-01-23,2019-01-23,0,NA,0,NA,TRUE,FALSE,FALSE,TRUE,FALSE,TRUE,FALSE,FALSE
2 - Minor,Resolved,DrewPolhamus,RyanScranton,RyanScranton,2019-01-23,2019-01-23,2019-01-23,0,NA,0,NA,TRUE,FALSE,FALSE,TRUE,FALSE,TRUE,FALSE,FALSE
2 - Minor,Resolved,PeterMorrissey,DrewPolhamus,DrewPolhamus,2019-01-22,2019-01-23,2019-01-23,1,NA,1,NA,TRUE,FALSE,FALSE,TRUE,FALSE,TRUE,TRUE,TRUE
2 - Minor,Resolved,NA,RyanScranton,RyanScranton,2019-01-14,2019-01-23,2019-01-23,9,9,9,9,TRUE,FALSE,FALSE,FALSE,FALSE,NA,FALSE,FALSE
2 - Minor,Resolved,NA,RyanScranton,RyanScranton,2019-01-14,2019-01-22,2019-01-22,8,8,8,8,TRUE,FALSE,FALSE,FALSE,FALSE,NA,FALSE,FALSE
2 - Minor,Resolved,NA,RyanScranton,RyanScranton,2019-01-17,2019-01-22,2019-01-22,5,5,5,NA,TRUE,FALSE,FALSE,FALSE,FALSE,NA,FALSE,FALSE
2 - Minor,Resolved,NA,MichaelJones,MichaelJones,2019-01-18,2019-01-22,2019-01-22,4,NA,4,NA,TRUE,FALSE,FALSE,FALSE,FALSE,NA,FALSE,FALSE
2 - Minor,Resolved,DrewPolhamus,MattChild,MattChild,2019-01-16,2019-01-22,2019-01-22,6,6,6,NA,TRUE,FALSE,FALSE,TRUE,FALSE,TRUE,TRUE,TRUE
2 - Minor,Resolved,NA,MattChild,MattChild,2019-01-16,2019-01-22,2019-01-22,6,6,6,NA,TRUE,FALSE,FALSE,FALSE,FALSE,NA,TRUE,TRUE
2 - Minor,Resolved,DrewPolhamus,RyanScranton,RyanScranton,2019-01-21,2019-01-22,2019-01-22,1,NA,1,NA,TRUE,FALSE,FALSE,TRUE,FALSE,TRUE,FALSE,FALSE
2 - Minor,Resolved,NancyKraus,RyanScranton,RyanScranton,2019-01-14,2019-01-21,2019-01-21,7,7,7,7,TRUE,FALSE,FALSE,TRUE,FALSE,TRUE,FALSE,FALSE
2 - Minor,Resolved,PeterMorrissey,PeterMorrissey,PeterMorrissey,2018-12-04,2019-01-18,2019-01-18,45,45,45,45,TRUE,FALSE,FALSE,TRUE,FALSE,TRUE,TRUE,TRUE
2 - Minor,Resolved,PeterMorrissey,MattChild,MattChild,2018-12-11,2019-01-17,2019-01-17,37,37,37,37,TRUE,FALSE,FALSE,TRUE,FALSE,TRUE,TRUE,TRUE
2 - Minor,Resolved,MasonVines,PeterMorrissey,PeterMorrissey,2018-12-11,2019-01-16,2019-01-16,36,36,36,36,TRUE,FALSE,FALSE,TRUE,FALSE,TRUE,TRUE,TRUE
2 - Minor,Resolved,ScottSummerford,MattChild,MattChild,2018-12-20,2019-01-15,2019-01-15,26,26,26,26,TRUE,FALSE,FALSE,TRUE,FALSE,TRUE,TRUE,TRUE
2 - Minor,Resolved,ScottSummerford,RyanScranton,RyanScranton,2018-12-14,2019-01-15,2019-01-15,32,32,32,32,TRUE,FALSE,FALSE,TRUE,FALSE,TRUE,FALSE,FALSE
2 - Minor,Todo,NA,MasonVines,MasonVines,2019-01-04,2019-01-04,NA,0,NA,NA,NA,FALSE,TRUE,FALSE,FALSE,FALSE,NA,TRUE,TRUE
2 - Minor,Resolved,NA,MattChild,MattChild,2018-11-21,2018-12-21,2018-12-21,30,30,30,30,TRUE,FALSE,FALSE,FALSE,FALSE,NA,TRUE,TRUE
2 - Minor,Resolved,NancyKraus,JohnSieck,JohnSieck,2018-11-06,2018-11-20,2018-11-20,14,14,14,14,TRUE,FALSE,FALSE,TRUE,FALSE,TRUE,FALSE,FALSE
2 - Minor,Resolved,NancyKraus,RyanScranton,RyanScranton,2018-10-29,2018-11-05,2018-11-05,7,7,7,7,TRUE,FALSE,FALSE,TRUE,FALSE,TRUE,FALSE,FALSE
2 - Minor,Todo,NA,MattChild,MattChild,2018-04-02,2018-10-09,NA,190,NA,NA,NA,FALSE,TRUE,FALSE,FALSE,FALSE,NA,TRUE,TRUE
2 - Minor,Resolved,PeterMorrissey,RyanScranton,RyanScranton,2018-03-08,2018-10-05,2018-10-05,211,NA,211,NA,TRUE,FALSE,FALSE,TRUE,FALSE,TRUE,FALSE,FALSE
2 - Minor,Todo,NA,RyanScranton,RyanScranton,2017-12-08,2018-10-04,NA,300,NA,NA,NA,FALSE,TRUE,FALSE,FALSE,FALSE,NA,FALSE,FALSE
2 - Minor,Todo,NA,DanielBiester,DanielBiester,2017-12-05,2018-10-04,NA,303,NA,NA,NA,FALSE,TRUE,FALSE,FALSE,FALSE,NA,TRUE,TRUE
2 - Minor,Todo,NA,MattChild,MattChild,2018-09-28,2018-09-28,NA,0,NA,NA,NA,FALSE,TRUE,FALSE,FALSE,FALSE,NA,TRUE,TRUE
2 - Minor,Todo,NA,RyanScranton,RyanScranton,2017-12-04,2018-09-25,NA,295,NA,NA,NA,FALSE,TRUE,FALSE,FALSE,FALSE,NA,FALSE,FALSE
2 - Minor,Todo,NA,RyanScranton,RyanScranton,2017-12-04,2018-09-25,NA,295,NA,NA,NA,FALSE,TRUE,FALSE,FALSE,FALSE,NA,FALSE,FALSE
2 - Minor,Todo,NA,JohnSieck,JohnSieck,2017-11-29,2018-09-25,NA,300,NA,NA,NA,FALSE,TRUE,FALSE,FALSE,FALSE,NA,FALSE,FALSE
2 - Minor,Todo,NA,JohnSieck,JohnSieck,2017-11-21,2018-09-25,NA,308,NA,NA,NA,FALSE,TRUE,FALSE,FALSE,FALSE,NA,FALSE,FALSE
2 - Minor,Todo,NA,MattChild,MattChild,2018-08-20,2018-09-25,NA,36,36,NA,NA,FALSE,TRUE,FALSE,FALSE,FALSE,NA,TRUE,TRUE
2 - Minor,Todo,NA,RyanScranton,RyanScranton,2018-08-15,2018-09-25,NA,41,41,NA,NA,FALSE,TRUE,FALSE,FALSE,FALSE,NA,FALSE,FALSE
2 - Minor,Resolved,NA,RyanScranton,RyanScranton,2018-09-19,2018-09-24,2018-09-24,5,5,5,NA,TRUE,FALSE,FALSE,FALSE,FALSE,NA,FALSE,FALSE
2 - Minor,Resolved,NA,RyanScranton,RyanScranton,2018-09-18,2018-09-24,2018-09-24,6,6,6,NA,TRUE,FALSE,FALSE,FALSE,FALSE,NA,FALSE,FALSE
2 - Minor,Resolved,PeterMorrissey,RyanScranton,RyanScranton,2018-09-11,2018-09-24,2018-09-24,13,13,13,13,TRUE,FALSE,FALSE,TRUE,FALSE,TRUE,FALSE,FALSE
2 - Minor,Resolved,NancyKraus,RyanScranton,RyanScranton,2018-09-11,2018-09-24,2018-09-24,13,13,13,13,TRUE,FALSE,FALSE,TRUE,FALSE,TRUE,FALSE,FALSE
2 - Minor,Resolved,NancyKraus,RyanScranton,RyanScranton,2018-03-30,2018-09-24,2018-09-24,178,NA,178,NA,TRUE,FALSE,FALSE,TRUE,FALSE,TRUE,FALSE,FALSE
2 - Minor,Resolved,NancyKraus,RyanScranton,RyanScranton,2018-09-10,2018-09-24,2018-09-24,14,14,14,14,TRUE,FALSE,FALSE,TRUE,FALSE,TRUE,FALSE,FALSE
2 - Minor,Resolved,NancyKraus,RyanScranton,RyanScranton,2018-09-07,2018-09-24,2018-09-24,17,17,17,17,TRUE,FALSE,FALSE,TRUE,FALSE,TRUE,FALSE,FALSE
2 - Minor,Todo,NA,NancyKraus,NancyKraus,2018-04-19,2018-09-24,NA,158,NA,NA,NA,FALSE,TRUE,FALSE,FALSE,FALSE,NA,TRUE,TRUE
2 - Minor,Todo,NA,RyanScranton,RyanScranton,2018-09-24,2018-09-24,NA,0,NA,NA,NA,FALSE,TRUE,FALSE,FALSE,FALSE,NA,FALSE,FALSE
2 - Minor,Todo,NA,MattChild,MattChild,2018-09-21,2018-09-21,NA,0,NA,NA,NA,FALSE,TRUE,FALSE,FALSE,FALSE,NA,TRUE,TRUE
2 - Minor,Todo,NA,RyanScranton,RyanScranton,2018-09-18,2018-09-18,NA,0,NA,NA,NA,FALSE,TRUE,FALSE,FALSE,FALSE,NA,FALSE,FALSE
2 - Minor,Todo,NA,NancyKraus,NancyKraus,2018-08-30,2018-09-17,NA,18,18,NA,NA,FALSE,TRUE,FALSE,FALSE,FALSE,NA,TRUE,TRUE
2 - Minor,Todo,NA,JohnSieck,JohnSieck,2018-04-06,2018-09-13,NA,160,NA,NA,NA,FALSE,TRUE,FALSE,FALSE,FALSE,NA,FALSE,FALSE
2 - Minor,Todo,NA,MattChild,MattChild,2018-03-08,2018-09-11,NA,187,NA,NA,NA,FALSE,TRUE,FALSE,FALSE,FALSE,NA,TRUE,TRUE
2 - Minor,Todo,NA,RyanScranton,RyanScranton,2018-09-05,2018-09-11,NA,6,6,NA,NA,FALSE,TRUE,FALSE,FALSE,FALSE,NA,FALSE,FALSE
2 - Minor,Todo,NA,RyanScranton,RyanScranton,2018-09-07,2018-09-07,NA,0,NA,NA,NA,FALSE,TRUE,FALSE,FALSE,FALSE,NA,FALSE,FALSE
2 - Minor,Resolved,NA,RyanScranton,RyanScranton,2018-08-28,2018-09-07,2018-09-07,10,10,10,10,TRUE,FALSE,FALSE,FALSE,FALSE,NA,FALSE,FALSE
2 - Minor,Resolved,NA,RyanScranton,RyanScranton,2018-08-28,2018-09-07,2018-09-07,10,10,10,10,TRUE,FALSE,FALSE,FALSE,FALSE,NA,FALSE,FALSE
2 - Minor,Resolved,NA,RyanScranton,RyanScranton,2018-08-14,2018-09-07,2018-09-07,24,24,24,24,TRUE,FALSE,FALSE,FALSE,FALSE,NA,FALSE,FALSE
2 - Minor,Resolved,NA,RyanScranton,RyanScranton,2018-08-27,2018-09-07,2018-09-07,11,11,11,11,TRUE,FALSE,FALSE,FALSE,FALSE,NA,FALSE,FALSE
2 - Minor,Resolved,NA,RyanScranton,RyanScranton,2018-08-18,2018-09-07,2018-09-07,20,20,20,20,TRUE,FALSE,FALSE,FALSE,FALSE,NA,FALSE,FALSE
2 - Minor,Resolved,NA,RyanScranton,RyanScranton,2018-08-24,2018-09-07,2018-09-07,14,14,14,14,TRUE,FALSE,FALSE,FALSE,FALSE,NA,FALSE,FALSE
2 - Minor,Resolved,NA,RyanScranton,RyanScranton,2018-08-14,2018-09-07,2018-09-07,24,24,24,24,TRUE,FALSE,FALSE,FALSE,FALSE,NA,FALSE,FALSE
2 - Minor,Resolved,NA,RyanScranton,RyanScranton,2018-08-06,2018-09-07,2018-09-07,32,32,32,32,TRUE,FALSE,FALSE,FALSE,FALSE,NA,FALSE,FALSE
2 - Minor,Resolved,NA,MattChild,MattChild,2018-06-28,2018-09-07,2018-09-07,71,71,71,71,TRUE,FALSE,FALSE,FALSE,FALSE,NA,TRUE,TRUE
2 - Minor,Resolved,NA,RyanScranton,RyanScranton,2018-03-15,2018-09-07,2018-09-07,176,NA,176,NA,TRUE,FALSE,FALSE,FALSE,FALSE,NA,FALSE,FALSE
2 - Minor,Resolved,NA,NancyKraus,NancyKraus,2018-07-24,2018-09-07,2018-09-07,45,45,45,45,TRUE,FALSE,FALSE,FALSE,FALSE,NA,TRUE,TRUE
2 - Minor,Resolved,NA,MattChild,MattChild,2018-06-25,2018-09-07,2018-09-07,74,74,74,74,TRUE,FALSE,FALSE,FALSE,FALSE,NA,TRUE,TRUE
2 - Minor,Resolved,NA,MattChild,MattChild,2018-06-27,2018-09-07,2018-09-07,72,72,72,72,TRUE,FALSE,FALSE,FALSE,FALSE,NA,TRUE,TRUE
2 - Minor,Resolved,NA,MattChild,MattChild,2018-07-11,2018-09-07,2018-09-07,58,58,58,58,TRUE,FALSE,FALSE,FALSE,FALSE,NA,TRUE,TRUE
2 - Minor,Todo,NA,NancyKraus,NancyKraus,2018-07-24,2018-07-24,NA,0,NA,NA,NA,FALSE,TRUE,FALSE,FALSE,FALSE,NA,TRUE,TRUE
2 - Minor,Todo,NA,MattChild,MattChild,2018-07-23,2018-07-24,NA,1,NA,NA,NA,FALSE,TRUE,FALSE,FALSE,FALSE,NA,TRUE,TRUE
2 - Minor,Resolved,NancyKraus,NancyKraus,NancyKraus,2018-05-09,2018-07-13,2018-07-13,65,65,65,65,TRUE,FALSE,FALSE,TRUE,FALSE,TRUE,TRUE,TRUE
2 - Minor,Resolved,NancyKraus,MattChild,MattChild,2018-04-11,2018-05-11,2018-05-11,30,30,30,30,TRUE,FALSE,FALSE,TRUE,FALSE,TRUE,TRUE,TRUE
2 - Minor,Resolved,NancyKraus,RyanScranton,RyanScranton,2018-03-29,2018-05-08,2018-05-08,40,40,40,40,TRUE,FALSE,FALSE,TRUE,FALSE,TRUE,FALSE,FALSE
2 - Minor,Todo,NA,RyanScranton,RyanScranton,2018-04-23,2018-04-25,NA,2,NA,NA,NA,FALSE,TRUE,FALSE,FALSE,FALSE,NA,FALSE,FALSE
2 - Minor,Resolved,JosephWallace,BrittanyMcCray,BrittanyMcCray,2018-04-02,2018-04-24,2018-04-24,22,22,22,22,TRUE,FALSE,FALSE,TRUE,FALSE,TRUE,FALSE,FALSE
2 - Minor,Todo,NA,RyanScranton,RyanScranton,2018-03-16,2018-04-24,NA,39,39,NA,NA,FALSE,TRUE,FALSE,FALSE,FALSE,NA,FALSE,FALSE
2 - Minor,Todo,NA,MattChild,MattChild,2018-03-29,2018-03-29,NA,0,NA,NA,NA,FALSE,TRUE,FALSE,FALSE,FALSE,NA,TRUE,TRUE
2 - Minor,Resolved,NA,BrittanyMcCray,BrittanyMcCray,2018-03-13,2018-03-13,2018-03-13,0,NA,0,NA,TRUE,FALSE,FALSE,FALSE,FALSE,NA,FALSE,FALSE
2 - Minor,Resolved,NA,BrittanyMcCray,BrittanyMcCray,2018-03-13,2018-03-13,2018-03-13,0,NA,0,NA,TRUE,FALSE,FALSE,FALSE,FALSE,NA,FALSE,FALSE
2 - Minor,Resolved,NancyKraus,RyanScranton,RyanScranton,2018-03-12,2018-03-13,2018-03-13,1,NA,1,NA,TRUE,FALSE,FALSE,TRUE,FALSE,TRUE,FALSE,FALSE
2 - Minor,Resolved,DanielBiester,BrittanyMcCray,BrittanyMcCray,2018-03-12,2018-03-13,2018-03-13,1,NA,1,NA,TRUE,FALSE,FALSE,TRUE,FALSE,TRUE,FALSE,FALSE
2 - Minor,Resolved,NA,RyanScranton,RyanScranton,2018-03-09,2018-03-13,2018-03-13,4,NA,4,NA,TRUE,FALSE,FALSE,FALSE,FALSE,NA,FALSE,FALSE
2 - Minor,Resolved,NancyKraus,RyanScranton,RyanScranton,2018-03-08,2018-03-13,2018-03-13,5,5,5,NA,TRUE,FALSE,FALSE,TRUE,FALSE,TRUE,FALSE,FALSE
2 - Minor,Resolved,DanielBiester,MattChild,MattChild,2018-03-08,2018-03-13,2018-03-13,5,5,5,NA,TRUE,FALSE,FALSE,TRUE,FALSE,TRUE,TRUE,TRUE
2 - Minor,Resolved,NancyKraus,RyanScranton,RyanScranton,2018-03-08,2018-03-13,2018-03-13,5,5,5,NA,TRUE,FALSE,FALSE,TRUE,FALSE,TRUE,FALSE,FALSE
2 - Minor,Resolved,JosephWallace,RyanScranton,RyanScranton,2018-03-08,2018-03-13,2018-03-13,5,5,5,NA,TRUE,FALSE,FALSE,TRUE,FALSE,TRUE,FALSE,FALSE
2 - Minor,Resolved,PeteSchatz,RyanScranton,RyanScranton,2018-03-08,2018-03-13,2018-03-13,5,5,5,NA,TRUE,FALSE,FALSE,TRUE,FALSE,TRUE,FALSE,FALSE
2 - Minor,Resolved,JosephWallace,JosephWallace,JosephWallace,2018-03-06,2018-03-13,2018-03-13,7,7,7,7,TRUE,FALSE,FALSE,TRUE,FALSE,TRUE,TRUE,TRUE
2 - Minor,Resolved,NancyKraus,RyanScranton,RyanScranton,2018-03-08,2018-03-13,2018-03-13,5,5,5,NA,TRUE,FALSE,FALSE,TRUE,FALSE,TRUE,FALSE,FALSE
2 - Minor,Resolved,DanielBiester,MattChild,MattChild,2018-02-27,2018-03-13,2018-03-13,14,14,14,14,TRUE,FALSE,FALSE,TRUE,FALSE,TRUE,TRUE,TRUE
2 - Minor,Resolved,NA,MattChild,MattChild,2018-02-27,2018-03-13,2018-03-13,14,14,14,14,TRUE,FALSE,FALSE,FALSE,FALSE,NA,TRUE,TRUE
2 - Minor,Todo,NA,DanielBiester,DanielBiester,2017-04-20,2018-03-09,NA,323,NA,NA,NA,FALSE,TRUE,FALSE,FALSE,FALSE,NA,TRUE,TRUE
2 - Minor,Todo,NA,MattChild,MattChild,2017-11-20,2018-03-09,NA,109,109,NA,NA,FALSE,TRUE,FALSE,FALSE,FALSE,NA,TRUE,TRUE
2 - Minor,Todo,NA,RyanScranton,RyanScranton,2017-10-13,2018-03-09,NA,147,NA,NA,NA,FALSE,TRUE,FALSE,FALSE,FALSE,NA,FALSE,FALSE
2 - Minor,Todo,NA,BrittanyMcCray,BrittanyMcCray,2018-03-07,2018-03-08,NA,1,NA,NA,NA,FALSE,TRUE,FALSE,FALSE,FALSE,NA,FALSE,FALSE
2 - Minor,Resolved,JosephWallace,MattChild,MattChild,2018-02-27,2018-03-08,2018-03-08,9,9,9,9,TRUE,FALSE,FALSE,TRUE,FALSE,TRUE,TRUE,TRUE
2 - Minor,Resolved,DanielBiester,MattChild,MattChild,2018-02-28,2018-03-06,2018-03-06,6,6,6,NA,TRUE,FALSE,FALSE,TRUE,FALSE,TRUE,TRUE,TRUE
2 - Minor,Todo,NA,RyanScranton,RyanScranton,2017-06-08,2018-03-06,NA,271,NA,NA,NA,FALSE,TRUE,FALSE,FALSE,FALSE,NA,FALSE,FALSE
2 - Minor,Todo,NA,RyanScranton,RyanScranton,2018-01-24,2018-03-06,NA,41,41,NA,NA,FALSE,TRUE,FALSE,FALSE,FALSE,NA,FALSE,FALSE
2 - Minor,Todo,NA,SamWilson.ctr,JohnSieck,2017-12-07,2018-03-06,NA,89,89,NA,NA,FALSE,TRUE,FALSE,FALSE,FALSE,NA,FALSE,FALSE
2 - Minor,Todo,NA,NancyKraus,NancyKraus,2018-02-15,2018-03-06,NA,19,19,NA,NA,FALSE,TRUE,FALSE,FALSE,FALSE,NA,TRUE,TRUE
2 - Minor,Todo,NA,RyanScranton,RyanScranton,2018-01-31,2018-03-06,NA,34,34,NA,NA,FALSE,TRUE,FALSE,FALSE,FALSE,NA,FALSE,FALSE
2 - Minor,Todo,NA,MattChild,MattChild,2018-02-06,2018-03-06,NA,28,28,NA,NA,FALSE,TRUE,FALSE,FALSE,FALSE,NA,TRUE,TRUE
2 - Minor,Todo,NA,NancyKraus,NancyKraus,2018-01-08,2018-03-06,NA,57,57,NA,NA,FALSE,TRUE,FALSE,FALSE,FALSE,NA,TRUE,TRUE
2 - Minor,Todo,NA,MattChild,MattChild,2018-02-06,2018-03-06,NA,28,28,NA,NA,FALSE,TRUE,FALSE,FALSE,FALSE,NA,TRUE,TRUE
2 - Minor,Resolved,JohnSieck,MattChild,MattChild,2018-02-28,2018-03-06,2018-03-06,6,6,6,NA,TRUE,FALSE,FALSE,TRUE,FALSE,FALSE,TRUE,TRUE
2 - Minor,Todo,NA,RyanScranton,RyanScranton,2018-03-02,2018-03-06,NA,4,NA,NA,NA,FALSE,TRUE,FALSE,FALSE,FALSE,NA,FALSE,FALSE
2 - Minor,Todo,NA,RyanScranton,RyanScranton,2018-03-06,2018-03-06,NA,0,NA,NA,NA,FALSE,TRUE,FALSE,FALSE,FALSE,NA,FALSE,FALSE
2 - Minor,Todo,NA,RyanScranton,RyanScranton,2018-03-05,2018-03-06,NA,1,NA,NA,NA,FALSE,TRUE,FALSE,FALSE,FALSE,NA,FALSE,FALSE
2 - Minor,Todo,NA,RyanScranton,RyanScranton,2018-03-05,2018-03-06,NA,1,NA,NA,NA,FALSE,TRUE,FALSE,FALSE,FALSE,NA,FALSE,FALSE
2 - Minor,Resolved,NancyKraus,MattChild,MattChild,2018-02-27,2018-03-06,2018-03-06,7,7,7,7,TRUE,FALSE,FALSE,TRUE,FALSE,TRUE,TRUE,TRUE
2 - Minor,Resolved,MattChild,RyanScranton,RyanScranton,2018-01-31,2018-03-06,2018-03-06,34,34,34,34,TRUE,FALSE,FALSE,TRUE,FALSE,TRUE,FALSE,FALSE
2 - Minor,Resolved,NancyKraus,DanielBiester,DanielBiester,2018-01-10,2018-03-06,2018-03-06,55,55,55,55,TRUE,FALSE,FALSE,TRUE,FALSE,TRUE,TRUE,TRUE
2 - Minor,Resolved,JosephWallace,MattChild,MattChild,2018-01-17,2018-03-06,2018-03-06,48,48,48,48,TRUE,FALSE,FALSE,TRUE,FALSE,TRUE,TRUE,TRUE
2 - Minor,Resolved,JosephWallace,RyanScranton,RyanScranton,2018-01-22,2018-03-06,2018-03-06,43,43,43,43,TRUE,FALSE,FALSE,TRUE,FALSE,TRUE,FALSE,FALSE
2 - Minor,Resolved,NancyKraus,MattChild,MattChild,2018-02-28,2018-03-01,2018-03-01,1,NA,1,NA,TRUE,FALSE,FALSE,TRUE,FALSE,TRUE,TRUE,TRUE
2 - Minor,Todo,NA,MattChild,MattChild,2018-03-01,2018-03-01,NA,0,NA,NA,NA,FALSE,TRUE,FALSE,FALSE,FALSE,NA,TRUE,TRUE
2 - Minor,Todo,NA,JohnSieck,JohnSieck,2018-02-15,2018-02-21,NA,6,6,NA,NA,FALSE,TRUE,FALSE,FALSE,FALSE,NA,FALSE,FALSE
2 - Minor,Todo,NA,JohnSieck,JohnSieck,2018-02-15,2018-02-21,NA,6,6,NA,NA,FALSE,TRUE,FALSE,FALSE,FALSE,NA,FALSE,FALSE
2 - Minor,Todo,NA,MattChild,MattChild,2018-02-15,2018-02-15,NA,0,NA,NA,NA,FALSE,TRUE,FALSE,FALSE,FALSE,NA,TRUE,TRUE
2 - Minor,Todo,NA,BrittanyMcCray,BrittanyMcCray,2018-02-12,2018-02-12,NA,0,NA,NA,NA,FALSE,TRUE,FALSE,FALSE,FALSE,NA,FALSE,FALSE
2 - Minor,Resolved,NancyKraus,PeteSchatz,PeteSchatz,2017-08-04,2018-02-06,2018-02-06,186,NA,186,NA,TRUE,FALSE,FALSE,TRUE,FALSE,TRUE,TRUE,TRUE
2 - Minor,Resolved,DanielBiester,JohnSieck,JohnSieck,2017-10-02,2018-02-06,2018-02-06,127,NA,127,NA,TRUE,FALSE,FALSE,TRUE,FALSE,TRUE,FALSE,FALSE
2 - Minor,Resolved,DanielBiester,RyanScranton,RyanScranton,2017-10-03,2018-02-06,2018-02-06,126,NA,126,NA,TRUE,FALSE,FALSE,TRUE,FALSE,TRUE,FALSE,FALSE
2 - Minor,Resolved,NancyKraus,RyanScranton,RyanScranton,2017-09-26,2018-02-06,2018-02-06,133,NA,133,NA,TRUE,FALSE,FALSE,TRUE,FALSE,TRUE,FALSE,FALSE
2 - Minor,Resolved,MattChild,RyanScranton,RyanScranton,2017-10-02,2018-02-06,2018-02-06,127,NA,127,NA,TRUE,FALSE,FALSE,TRUE,FALSE,TRUE,FALSE,FALSE
2 - Minor,Resolved,MatthewDavis,MattChild,MattChild,2017-10-12,2018-02-06,2018-02-06,117,117,117,NA,TRUE,FALSE,FALSE,TRUE,FALSE,FALSE,TRUE,TRUE
2 - Minor,Resolved,PeteSchatz,RyanScranton,RyanScranton,2017-10-03,2018-02-06,2018-02-06,126,NA,126,NA,TRUE,FALSE,FALSE,TRUE,FALSE,TRUE,FALSE,FALSE
2 - Minor,Resolved,PeteSchatz,RyanScranton,RyanScranton,2017-10-03,2018-02-06,2018-02-06,126,NA,126,NA,TRUE,FALSE,FALSE,TRUE,FALSE,TRUE,FALSE,FALSE
2 - Minor,Resolved,NancyKraus,JohnSieck,JohnSieck,2017-10-03,2018-02-06,2018-02-06,126,NA,126,NA,TRUE,FALSE,FALSE,TRUE,FALSE,TRUE,FALSE,FALSE
2 - Minor,Resolved,NA,MattChild,MattChild,2017-10-16,2018-02-06,2018-02-06,113,113,113,NA,TRUE,FALSE,FALSE,FALSE,FALSE,NA,TRUE,TRUE
2 - Minor,Resolved,DanielBiester,MattChild,MattChild,2017-09-29,2018-02-06,2018-02-06,130,NA,130,NA,TRUE,FALSE,FALSE,TRUE,FALSE,TRUE,TRUE,TRUE
2 - Minor,Resolved,PeteSchatz,JohnSieck,JohnSieck,2017-10-16,2018-02-06,2018-02-06,113,113,113,NA,TRUE,FALSE,FALSE,TRUE,FALSE,TRUE,FALSE,FALSE
2 - Minor,Resolved,MatthewDavis,MattChild,MattChild,2017-10-18,2018-02-06,2018-02-06,111,111,111,NA,TRUE,FALSE,FALSE,TRUE,FALSE,FALSE,TRUE,TRUE
2 - Minor,Resolved,DanielBiester,RyanScranton,RyanScranton,2017-10-25,2018-02-06,2018-02-06,104,104,104,NA,TRUE,FALSE,FALSE,TRUE,FALSE,TRUE,FALSE,FALSE
2 - Minor,Resolved,DanielBiester,MattChild,MattChild,2017-10-25,2018-02-06,2018-02-06,104,104,104,NA,TRUE,FALSE,FALSE,TRUE,FALSE,TRUE,TRUE,TRUE
2 - Minor,Resolved,MatthewDavis,MattChild,MattChild,2017-10-24,2018-02-06,2018-02-06,105,105,105,NA,TRUE,FALSE,FALSE,TRUE,FALSE,FALSE,TRUE,TRUE
2 - Minor,Resolved,DanielBiester,MattChild,MattChild,2017-10-24,2018-02-06,2018-02-06,105,105,105,NA,TRUE,FALSE,FALSE,TRUE,FALSE,TRUE,TRUE,TRUE
2 - Minor,Resolved,NancyKraus,RyanScranton,RyanScranton,2017-12-01,2018-02-06,2018-02-06,67,67,67,67,TRUE,FALSE,FALSE,TRUE,FALSE,TRUE,FALSE,FALSE
2 - Minor,Resolved,PeteSchatz,RyanScranton,RyanScranton,2017-12-01,2018-02-06,2018-02-06,67,67,67,67,TRUE,FALSE,FALSE,TRUE,FALSE,TRUE,FALSE,FALSE
2 - Minor,Resolved,MatthewDavis,RyanScranton,RyanScranton,2017-12-04,2018-02-06,2018-02-06,64,64,64,64,TRUE,FALSE,FALSE,TRUE,FALSE,FALSE,FALSE,FALSE
2 - Minor,Resolved,JosephWallace,RyanScranton,RyanScranton,2017-11-30,2018-02-06,2018-02-06,68,68,68,68,TRUE,FALSE,FALSE,TRUE,FALSE,TRUE,FALSE,FALSE
2 - Minor,Resolved,MatthewDavis,RyanScranton,RyanScranton,2017-12-01,2018-02-06,2018-02-06,67,67,67,67,TRUE,FALSE,FALSE,TRUE,FALSE,FALSE,FALSE,FALSE
2 - Minor,Resolved,MatthewDavis,RyanScranton,RyanScranton,2017-12-04,2018-02-06,2018-02-06,64,64,64,64,TRUE,FALSE,FALSE,TRUE,FALSE,FALSE,FALSE,FALSE
2 - Minor,Resolved,DanielBiester,JohnSieck,JohnSieck,2017-11-21,2018-02-06,2018-02-06,77,77,77,77,TRUE,FALSE,FALSE,TRUE,FALSE,TRUE,FALSE,FALSE
2 - Minor,Resolved,NancyKraus,MattChild,MattChild,2017-11-15,2018-02-06,2018-02-06,83,83,83,83,TRUE,FALSE,FALSE,TRUE,FALSE,TRUE,TRUE,TRUE
2 - Minor,Resolved,JosephWallace,RyanScranton,RyanScranton,2017-11-13,2018-02-06,2018-02-06,85,85,85,85,TRUE,FALSE,FALSE,TRUE,FALSE,TRUE,FALSE,FALSE
2 - Minor,Resolved,PeteSchatz,MattChild,MattChild,2017-11-15,2018-02-06,2018-02-06,83,83,83,83,TRUE,FALSE,FALSE,TRUE,FALSE,TRUE,TRUE,TRUE
2 - Minor,Resolved,JohnSieck,JohnSieck,JohnSieck,2017-11-17,2018-02-06,2018-02-06,81,81,81,81,TRUE,FALSE,FALSE,TRUE,FALSE,FALSE,FALSE,FALSE
2 - Minor,Resolved,JohnSieck,MattChild,MattChild,2017-11-09,2018-02-06,2018-02-06,89,89,89,89,TRUE,FALSE,FALSE,TRUE,FALSE,FALSE,TRUE,TRUE
2 - Minor,Resolved,NancyKraus,MattChild,MattChild,2017-11-07,2018-02-06,2018-02-06,91,91,91,NA,TRUE,FALSE,FALSE,TRUE,FALSE,TRUE,TRUE,TRUE
2 - Minor,Resolved,NancyKraus,MattChild,MattChild,2017-11-07,2018-02-06,2018-02-06,91,91,91,NA,TRUE,FALSE,FALSE,TRUE,FALSE,TRUE,TRUE,TRUE
2 - Minor,Resolved,NancyKraus,MattChild,MattChild,2017-11-07,2018-02-06,2018-02-06,91,91,91,NA,TRUE,FALSE,FALSE,TRUE,FALSE,TRUE,TRUE,TRUE
2 - Minor,Resolved,JosephWallace,JohnSieck,JohnSieck,2017-11-08,2018-02-06,2018-02-06,90,90,90,NA,TRUE,FALSE,FALSE,TRUE,FALSE,TRUE,FALSE,FALSE
2 - Minor,Resolved,JosephWallace,RyanScranton,RyanScranton,2017-12-04,2018-02-06,2018-02-06,64,64,64,64,TRUE,FALSE,FALSE,TRUE,FALSE,TRUE,FALSE,FALSE
2 - Minor,Resolved,DanielBiester,RyanScranton,RyanScranton,2017-12-04,2018-02-06,2018-02-06,64,64,64,64,TRUE,FALSE,FALSE,TRUE,FALSE,TRUE,FALSE,FALSE
2 - Minor,Resolved,NA,RyanScranton,RyanScranton,2017-12-11,2018-02-06,2018-02-06,57,57,57,57,TRUE,FALSE,FALSE,FALSE,FALSE,NA,FALSE,FALSE
2 - Minor,Resolved,NancyKraus,MattChild,MattChild,2017-11-22,2018-02-06,2018-02-06,76,76,76,76,TRUE,FALSE,FALSE,TRUE,FALSE,TRUE,TRUE,TRUE
2 - Minor,Resolved,PeteSchatz,MattChild,MattChild,2017-11-22,2018-02-06,2018-02-06,76,76,76,76,TRUE,FALSE,FALSE,TRUE,FALSE,TRUE,TRUE,TRUE
2 - Minor,Resolved,PeteSchatz,MattChild,MattChild,2017-11-21,2018-02-06,2018-02-06,77,77,77,77,TRUE,FALSE,FALSE,TRUE,FALSE,TRUE,TRUE,TRUE
2 - Minor,Resolved,PeteSchatz,RyanScranton,RyanScranton,2017-12-11,2018-02-06,2018-02-06,57,57,57,57,TRUE,FALSE,FALSE,TRUE,FALSE,TRUE,FALSE,FALSE
2 - Minor,Resolved,NancyKraus,DanielBiester,DanielBiester,2018-01-10,2018-02-06,2018-02-06,27,27,27,27,TRUE,FALSE,FALSE,TRUE,FALSE,TRUE,TRUE,TRUE
2 - Minor,Resolved,NancyKraus,NancyKraus,NancyKraus,2018-01-08,2018-02-06,2018-02-06,29,29,29,29,TRUE,FALSE,FALSE,TRUE,FALSE,TRUE,TRUE,TRUE
2 - Minor,Resolved,JohnSieck,RyanScranton,RyanScranton,2017-12-08,2018-02-06,2018-02-06,60,60,60,60,TRUE,FALSE,FALSE,TRUE,FALSE,FALSE,FALSE,FALSE
2 - Minor,Todo,NA,RyanScranton,RyanScranton,2017-05-25,2018-01-31,NA,251,NA,NA,NA,FALSE,TRUE,FALSE,FALSE,FALSE,NA,FALSE,FALSE
2 - Minor,Todo,NA,MattChild,MattChild,2017-04-26,2018-01-31,NA,280,NA,NA,NA,FALSE,TRUE,FALSE,FALSE,FALSE,NA,TRUE,TRUE
2 - Minor,Todo,NA,DanielBiester,DanielBiester,2017-06-20,2018-01-31,NA,225,NA,NA,NA,FALSE,TRUE,FALSE,FALSE,FALSE,NA,TRUE,TRUE
2 - Minor,Todo,NA,MattChild,MattChild,2017-07-31,2018-01-31,NA,184,NA,NA,NA,FALSE,TRUE,FALSE,FALSE,FALSE,NA,TRUE,TRUE
2 - Minor,Todo,NA,RyanScranton,RyanScranton,2017-09-05,2018-01-31,NA,148,NA,NA,NA,FALSE,TRUE,FALSE,FALSE,FALSE,NA,FALSE,FALSE
2 - Minor,Todo,NA,DanielBiester,DanielBiester,2017-06-20,2018-01-31,NA,225,NA,NA,NA,FALSE,TRUE,FALSE,FALSE,FALSE,NA,TRUE,TRUE
2 - Minor,Todo,NA,BrittanyMcCray,BrittanyMcCray,2017-07-24,2018-01-31,NA,191,NA,NA,NA,FALSE,TRUE,FALSE,FALSE,FALSE,NA,FALSE,FALSE
2 - Minor,Todo,NA,RyanScranton,RyanScranton,2017-06-21,2018-01-31,NA,224,NA,NA,NA,FALSE,TRUE,FALSE,FALSE,FALSE,NA,FALSE,FALSE
2 - Minor,Todo,NA,MattChild,MattChild,2017-06-06,2018-01-31,NA,239,NA,NA,NA,FALSE,TRUE,FALSE,FALSE,FALSE,NA,TRUE,TRUE
2 - Minor,Todo,NA,RyanScranton,RyanScranton,2017-05-15,2018-01-31,NA,261,NA,NA,NA,FALSE,TRUE,FALSE,FALSE,FALSE,NA,FALSE,FALSE
2 - Minor,Todo,NA,RyanScranton,RyanScranton,2017-04-28,2018-01-31,NA,278,NA,NA,NA,FALSE,TRUE,FALSE,FALSE,FALSE,NA,FALSE,FALSE
2 - Minor,Todo,NA,RyanScranton,RyanScranton,2017-04-28,2018-01-31,NA,278,NA,NA,NA,FALSE,TRUE,FALSE,FALSE,FALSE,NA,FALSE,FALSE
2 - Minor,Todo,NA,RyanScranton,RyanScranton,2017-04-28,2018-01-31,NA,278,NA,NA,NA,FALSE,TRUE,FALSE,FALSE,FALSE,NA,FALSE,FALSE
2 - Minor,Todo,NA,JohnSieck,JohnSieck,2018-01-30,2018-01-31,NA,1,NA,NA,NA,FALSE,TRUE,FALSE,FALSE,FALSE,NA,FALSE,FALSE
2 - Minor,Todo,NA,JohnSieck,JohnSieck,2018-01-30,2018-01-31,NA,1,NA,NA,NA,FALSE,TRUE,FALSE,FALSE,FALSE,NA,FALSE,FALSE
2 - Minor,Todo,NA,JohnSieck,JohnSieck,2018-01-30,2018-01-31,NA,1,NA,NA,NA,FALSE,TRUE,FALSE,FALSE,FALSE,NA,FALSE,FALSE
2 - Minor,Todo,NA,SamYoung,JohnSieck,2017-12-07,2018-01-31,NA,55,55,NA,NA,FALSE,TRUE,FALSE,FALSE,FALSE,NA,FALSE,FALSE
2 - Minor,Todo,NA,RyanScranton,RyanScranton,2018-01-31,2018-01-31,NA,0,NA,NA,NA,FALSE,TRUE,FALSE,FALSE,FALSE,NA,FALSE,FALSE
2 - Minor,Todo,NA,RyanScranton,RyanScranton,2018-01-31,2018-01-31,NA,0,NA,NA,NA,FALSE,TRUE,FALSE,FALSE,FALSE,NA,FALSE,FALSE
2 - Minor,Reopened,NA,PeteSchatz,PeteSchatz,2017-07-24,2018-01-22,NA,182,NA,NA,NA,FALSE,TRUE,FALSE,FALSE,FALSE,NA,TRUE,TRUE
2 - Minor,Resolved,PeteSchatz,NancyKraus,NancyKraus,2018-01-09,2018-01-22,2018-01-22,13,13,13,13,TRUE,FALSE,FALSE,TRUE,FALSE,TRUE,TRUE,TRUE
2 - Minor,Todo,NA,NancyKraus,NancyKraus,2018-01-16,2018-01-16,NA,0,NA,NA,NA,FALSE,TRUE,FALSE,FALSE,FALSE,NA,TRUE,TRUE
2 - Minor,Todo,NA,RyanScranton,RyanScranton,2017-10-04,2018-01-15,NA,103,103,NA,NA,FALSE,TRUE,FALSE,FALSE,FALSE,NA,FALSE,FALSE
2 - Minor,Todo,NA,NancyKraus,NancyKraus,2018-01-12,2018-01-12,NA,0,NA,NA,NA,FALSE,TRUE,FALSE,FALSE,FALSE,NA,TRUE,TRUE
2 - Minor,Todo,NA,BradNeal,BradNeal,2017-05-12,2018-01-03,NA,236,NA,NA,NA,FALSE,TRUE,FALSE,FALSE,FALSE,NA,FALSE,FALSE
2 - Minor,Todo,NA,MattChild,MattChild,2017-07-31,2018-01-03,NA,156,NA,NA,NA,FALSE,TRUE,FALSE,FALSE,FALSE,NA,TRUE,TRUE
2 - Minor,Todo,NA,MattChild,MattChild,2017-07-31,2018-01-03,NA,156,NA,NA,NA,FALSE,TRUE,FALSE,FALSE,FALSE,NA,TRUE,TRUE
2 - Minor,Todo,NA,RyanScranton,RyanScranton,2017-12-14,2017-12-19,NA,5,5,NA,NA,FALSE,TRUE,FALSE,FALSE,FALSE,NA,FALSE,FALSE
2 - Minor,Resolved,MatthewDavis,RyanScranton,RyanScranton,2017-12-01,2017-12-14,2017-12-14,13,13,13,13,TRUE,FALSE,FALSE,TRUE,FALSE,FALSE,FALSE,FALSE
2 - Minor,Todo,NA,RyanScranton,RyanScranton,2017-12-08,2017-12-08,NA,0,NA,NA,NA,FALSE,TRUE,FALSE,FALSE,FALSE,NA,FALSE,FALSE
2 - Minor,Todo,NA,MatthewDavis,MatthewDavis,2017-12-06,2017-12-07,NA,1,NA,NA,NA,FALSE,TRUE,FALSE,FALSE,FALSE,NA,FALSE,FALSE
2 - Minor,Todo,NA,RyanScranton,RyanScranton,2017-11-30,2017-12-04,NA,4,NA,NA,NA,FALSE,TRUE,FALSE,FALSE,FALSE,NA,FALSE,FALSE
2 - Minor,Todo,NA,MattChild,MattChild,2017-10-27,2017-11-01,NA,5,5,NA,NA,FALSE,TRUE,FALSE,FALSE,FALSE,NA,TRUE,TRUE
2 - Minor,Todo,NA,RyanScranton,RyanScranton,2017-06-30,2017-10-27,NA,119,119,NA,NA,FALSE,TRUE,FALSE,FALSE,FALSE,NA,FALSE,FALSE
2 - Minor,Todo,NA,DavidTuell,DavidTuell,2017-04-13,2017-10-27,NA,197,NA,NA,NA,FALSE,TRUE,FALSE,FALSE,FALSE,NA,TRUE,TRUE
2 - Minor,Todo,NA,MattChild,MattChild,2017-04-18,2017-10-23,NA,188,NA,NA,NA,FALSE,TRUE,FALSE,FALSE,FALSE,NA,TRUE,TRUE
2 - Minor,Todo,NA,JohnSieck,JohnSieck,2017-10-23,2017-10-23,NA,0,NA,NA,NA,FALSE,TRUE,FALSE,FALSE,FALSE,NA,FALSE,FALSE
2 - Minor,Resolved,DanielBiester,RyanScranton,RyanScranton,2017-10-03,2017-10-11,2017-10-11,8,8,8,8,TRUE,FALSE,FALSE,TRUE,FALSE,TRUE,FALSE,FALSE
2 - Minor,Resolved,DanielBiester,RyanScranton,RyanScranton,2017-09-26,2017-10-11,2017-10-11,15,15,15,15,TRUE,FALSE,FALSE,TRUE,FALSE,TRUE,FALSE,FALSE
2 - Minor,Resolved,MatthewDavis,RyanScranton,RyanScranton,2017-09-11,2017-10-10,2017-10-10,29,29,29,29,TRUE,FALSE,FALSE,TRUE,FALSE,FALSE,FALSE,FALSE
2 - Minor,Resolved,DanielBiester,RyanScranton,RyanScranton,2017-10-03,2017-10-04,2017-10-04,1,NA,1,NA,TRUE,FALSE,FALSE,TRUE,FALSE,TRUE,FALSE,FALSE
2 - Minor,Todo,NA,RyanScranton,RyanScranton,2017-10-03,2017-10-03,NA,0,NA,NA,NA,FALSE,TRUE,FALSE,FALSE,FALSE,NA,FALSE,FALSE
2 - Minor,Resolved,DavidTuell,BradNeal,BradNeal,2016-11-17,2017-10-03,2017-10-03,320,NA,320,NA,TRUE,FALSE,FALSE,TRUE,FALSE,TRUE,FALSE,FALSE
2 - Minor,Resolved,DavidTuell,BradNeal,BradNeal,2017-01-26,2017-10-03,2017-10-03,250,NA,250,NA,TRUE,FALSE,FALSE,TRUE,FALSE,TRUE,FALSE,FALSE
2 - Minor,Resolved,NA,BradNeal,BradNeal,2017-01-19,2017-10-03,2017-10-03,257,NA,257,NA,TRUE,FALSE,FALSE,FALSE,FALSE,NA,FALSE,FALSE
2 - Minor,Resolved,LeeWheless,BradNeal,BradNeal,2017-02-08,2017-10-03,2017-10-03,237,NA,237,NA,TRUE,FALSE,FALSE,TRUE,FALSE,FALSE,FALSE,FALSE
2 - Minor,Resolved,DanielBiester,DanielBiester,DanielBiester,2017-03-03,2017-10-03,2017-10-03,214,NA,214,NA,TRUE,FALSE,FALSE,TRUE,FALSE,TRUE,TRUE,TRUE
2 - Minor,Resolved,LeeWheless,BradNeal,BradNeal,2017-03-01,2017-10-03,2017-10-03,216,NA,216,NA,TRUE,FALSE,FALSE,TRUE,FALSE,FALSE,FALSE,FALSE
2 - Minor,Resolved,DavidTuell,BradNeal,BradNeal,2017-03-02,2017-10-03,2017-10-03,215,NA,215,NA,TRUE,FALSE,FALSE,TRUE,FALSE,TRUE,FALSE,FALSE
2 - Minor,Resolved,LeeWheless,BradNeal,BradNeal,2017-03-01,2017-10-03,2017-10-03,216,NA,216,NA,TRUE,FALSE,FALSE,TRUE,FALSE,FALSE,FALSE,FALSE
2 - Minor,Resolved,DavidTuell,BradNeal,BradNeal,2017-03-01,2017-10-03,2017-10-03,216,NA,216,NA,TRUE,FALSE,FALSE,TRUE,FALSE,TRUE,FALSE,FALSE
2 - Minor,Resolved,MatthewDavis,BradNeal,BradNeal,2017-03-01,2017-10-03,2017-10-03,216,NA,216,NA,TRUE,FALSE,FALSE,TRUE,FALSE,FALSE,FALSE,FALSE
2 - Minor,Resolved,MatthewDavis,BradNeal,BradNeal,2017-03-15,2017-10-03,2017-10-03,202,NA,202,NA,TRUE,FALSE,FALSE,TRUE,FALSE,FALSE,FALSE,FALSE
2 - Minor,Resolved,JosephWallace,BrittanyMcCray,BrittanyMcCray,2017-03-14,2017-10-03,2017-10-03,203,NA,203,NA,TRUE,FALSE,FALSE,TRUE,FALSE,TRUE,FALSE,FALSE
2 - Minor,Resolved,MatthewDavis,BradNeal,BradNeal,2017-03-15,2017-10-03,2017-10-03,202,NA,202,NA,TRUE,FALSE,FALSE,TRUE,FALSE,FALSE,FALSE,FALSE
2 - Minor,Resolved,MattChild,BradNeal,BradNeal,2017-03-15,2017-10-03,2017-10-03,202,NA,202,NA,TRUE,FALSE,FALSE,TRUE,FALSE,TRUE,FALSE,FALSE
2 - Minor,Resolved,LeeWheless,DanielBiester,DanielBiester,2017-03-10,2017-10-03,2017-10-03,207,NA,207,NA,TRUE,FALSE,FALSE,TRUE,FALSE,FALSE,TRUE,TRUE
2 - Minor,Resolved,DavidTuell,DavidTuell,DavidTuell,2017-03-20,2017-10-03,2017-10-03,197,NA,197,NA,TRUE,FALSE,FALSE,TRUE,FALSE,TRUE,TRUE,TRUE
2 - Minor,Resolved,NA,MattChild,MattChild,2017-03-16,2017-10-03,2017-10-03,201,NA,201,NA,TRUE,FALSE,FALSE,FALSE,FALSE,NA,TRUE,TRUE
2 - Minor,Resolved,MatthewDavis,BradNeal,BradNeal,2017-03-16,2017-10-03,2017-10-03,201,NA,201,NA,TRUE,FALSE,FALSE,TRUE,FALSE,FALSE,FALSE,FALSE
2 - Minor,Resolved,MatthewDavis,BradNeal,BradNeal,2017-03-16,2017-10-03,2017-10-03,201,NA,201,NA,TRUE,FALSE,FALSE,TRUE,FALSE,FALSE,FALSE,FALSE
2 - Minor,Todo,NA,BradNeal,BradNeal,2017-03-16,2017-10-03,NA,201,NA,NA,NA,FALSE,TRUE,FALSE,FALSE,FALSE,NA,FALSE,FALSE
2 - Minor,Todo,NA,BradNeal,BradNeal,2017-03-16,2017-10-03,NA,201,NA,NA,NA,FALSE,TRUE,FALSE,FALSE,FALSE,NA,FALSE,FALSE
2 - Minor,Resolved,DanielBiester,BradNeal,BradNeal,2016-06-20,2017-10-03,2017-10-03,470,NA,470,NA,TRUE,FALSE,FALSE,TRUE,FALSE,TRUE,FALSE,FALSE
2 - Minor,Resolved,DavidTuell,DavidTuell,DavidTuell,2017-03-21,2017-10-03,2017-10-03,196,NA,196,NA,TRUE,FALSE,FALSE,TRUE,FALSE,TRUE,TRUE,TRUE
2 - Minor,Todo,NA,BradNeal,BradNeal,2017-03-22,2017-10-03,NA,195,NA,NA,NA,FALSE,TRUE,FALSE,FALSE,FALSE,NA,FALSE,FALSE
2 - Minor,Resolved,DanielBiester,DanielBiester,DanielBiester,2017-03-28,2017-10-03,2017-10-03,189,NA,189,NA,TRUE,FALSE,FALSE,TRUE,FALSE,TRUE,TRUE,TRUE
2 - Minor,Resolved,DanielBiester,BradNeal,BradNeal,2017-03-29,2017-10-03,2017-10-03,188,NA,188,NA,TRUE,FALSE,FALSE,TRUE,FALSE,TRUE,FALSE,FALSE
2 - Minor,Todo,NA,BradNeal,BradNeal,2017-03-28,2017-10-03,NA,189,NA,NA,NA,FALSE,TRUE,FALSE,FALSE,FALSE,NA,FALSE,FALSE
2 - Minor,Resolved,MatthewDavis,MattChild,MattChild,2017-04-26,2017-10-03,2017-10-03,160,NA,160,NA,TRUE,FALSE,FALSE,TRUE,FALSE,FALSE,TRUE,TRUE
2 - Minor,Resolved,MattChild,BradNeal,BradNeal,2017-04-13,2017-10-03,2017-10-03,173,NA,173,NA,TRUE,FALSE,FALSE,TRUE,FALSE,TRUE,FALSE,FALSE
2 - Minor,Resolved,MatthewDavis,BradNeal,BradNeal,2017-04-13,2017-10-03,2017-10-03,173,NA,173,NA,TRUE,FALSE,FALSE,TRUE,FALSE,FALSE,FALSE,FALSE
2 - Minor,Resolved,MatthewDavis,BradNeal,BradNeal,2017-04-13,2017-10-03,2017-10-03,173,NA,173,NA,TRUE,FALSE,FALSE,TRUE,FALSE,FALSE,FALSE,FALSE
2 - Minor,Resolved,MatthewDavis,DanielBiester,DanielBiester,2017-05-10,2017-10-03,2017-10-03,146,NA,146,NA,TRUE,FALSE,FALSE,TRUE,FALSE,FALSE,TRUE,TRUE
2 - Minor,Resolved,DanielBiester,MattChild,MattChild,2017-05-12,2017-10-03,2017-10-03,144,NA,144,NA,TRUE,FALSE,FALSE,TRUE,FALSE,TRUE,TRUE,TRUE
2 - Minor,Todo,NA,RyanScranton,RyanScranton,2017-06-19,2017-10-03,NA,106,106,NA,NA,FALSE,TRUE,FALSE,FALSE,FALSE,NA,FALSE,FALSE
2 - Minor,Resolved,MatthewDavis,RyanScranton,RyanScranton,2017-06-08,2017-10-03,2017-10-03,117,117,117,NA,TRUE,FALSE,FALSE,TRUE,FALSE,FALSE,FALSE,FALSE
2 - Minor,Resolved,MatthewDavis,RyanScranton,RyanScranton,2017-06-02,2017-10-03,2017-10-03,123,NA,123,NA,TRUE,FALSE,FALSE,TRUE,FALSE,FALSE,FALSE,FALSE
2 - Minor,Resolved,DanielBiester,RyanScranton,RyanScranton,2017-06-06,2017-10-03,2017-10-03,119,119,119,NA,TRUE,FALSE,FALSE,TRUE,FALSE,TRUE,FALSE,FALSE
2 - Minor,Resolved,JosephWallace,MattChild,MattChild,2017-06-22,2017-10-03,2017-10-03,103,103,103,NA,TRUE,FALSE,FALSE,TRUE,FALSE,TRUE,TRUE,TRUE
2 - Minor,Resolved,DanielBiester,RyanScranton,RyanScranton,2017-07-07,2017-10-03,2017-10-03,88,88,88,88,TRUE,FALSE,FALSE,TRUE,FALSE,TRUE,FALSE,FALSE
2 - Minor,Resolved,DanielBiester,RyanScranton,RyanScranton,2017-07-07,2017-10-03,2017-10-03,88,88,88,88,TRUE,FALSE,FALSE,TRUE,FALSE,TRUE,FALSE,FALSE
2 - Minor,Resolved,PeteSchatz,MattChild,MattChild,2017-07-06,2017-10-03,2017-10-03,89,89,89,89,TRUE,FALSE,FALSE,TRUE,FALSE,TRUE,TRUE,TRUE
2 - Minor,Resolved,DanielBiester,MattChild,MattChild,2017-07-06,2017-10-03,2017-10-03,89,89,89,89,TRUE,FALSE,FALSE,TRUE,FALSE,TRUE,TRUE,TRUE
2 - Minor,Resolved,DanielBiester,RyanScranton,RyanScranton,2017-06-30,2017-10-03,2017-10-03,95,95,95,NA,TRUE,FALSE,FALSE,TRUE,FALSE,TRUE,FALSE,FALSE
2 - Minor,Resolved,DanielBiester,MattChild,MattChild,2017-06-23,2017-10-03,2017-10-03,102,102,102,NA,TRUE,FALSE,FALSE,TRUE,FALSE,TRUE,TRUE,TRUE
2 - Minor,Resolved,DanielBiester,RyanScranton,RyanScranton,2017-07-11,2017-10-03,2017-10-03,84,84,84,84,TRUE,FALSE,FALSE,TRUE,FALSE,TRUE,FALSE,FALSE
2 - Minor,Resolved,PeteSchatz,PeteSchatz,PeteSchatz,2017-07-23,2017-10-03,2017-10-03,72,72,72,72,TRUE,FALSE,FALSE,TRUE,FALSE,TRUE,TRUE,TRUE
2 - Minor,Resolved,DanielBiester,RyanScranton,RyanScranton,2017-07-21,2017-10-03,2017-10-03,74,74,74,74,TRUE,FALSE,FALSE,TRUE,FALSE,TRUE,FALSE,FALSE
2 - Minor,Resolved,PeteSchatz,MattChild,MattChild,2017-07-21,2017-10-03,2017-10-03,74,74,74,74,TRUE,FALSE,FALSE,TRUE,FALSE,TRUE,TRUE,TRUE
2 - Minor,Resolved,PeteSchatz,MattChild,MattChild,2017-07-20,2017-10-03,2017-10-03,75,75,75,75,TRUE,FALSE,FALSE,TRUE,FALSE,TRUE,TRUE,TRUE
2 - Minor,Resolved,JosephWallace,MattChild,MattChild,2017-07-17,2017-10-03,2017-10-03,78,78,78,78,TRUE,FALSE,FALSE,TRUE,FALSE,TRUE,TRUE,TRUE
2 - Minor,Resolved,MatthewDavis,MattChild,MattChild,2017-07-20,2017-10-03,2017-10-03,75,75,75,75,TRUE,FALSE,FALSE,TRUE,FALSE,FALSE,TRUE,TRUE
2 - Minor,Resolved,PeteSchatz,RyanScranton,RyanScranton,2017-07-11,2017-10-03,2017-10-03,84,84,84,84,TRUE,FALSE,FALSE,TRUE,FALSE,TRUE,FALSE,FALSE
2 - Minor,Resolved,RyanScranton,ShannonStewart,ShannonStewart,2017-08-01,2017-10-03,2017-10-03,63,63,63,63,TRUE,FALSE,FALSE,TRUE,FALSE,FALSE,FALSE,FALSE
2 - Minor,Resolved,RyanScranton,ShannonStewart,ShannonStewart,2017-08-01,2017-10-03,2017-10-03,63,63,63,63,TRUE,FALSE,FALSE,TRUE,FALSE,FALSE,FALSE,FALSE
2 - Minor,Resolved,DanielBiester,RyanScranton,RyanScranton,2017-07-28,2017-10-03,2017-10-03,67,67,67,67,TRUE,FALSE,FALSE,TRUE,FALSE,TRUE,FALSE,FALSE
2 - Minor,Resolved,MatthewDavis,RyanScranton,RyanScranton,2017-07-28,2017-10-03,2017-10-03,67,67,67,67,TRUE,FALSE,FALSE,TRUE,FALSE,FALSE,FALSE,FALSE
2 - Minor,Resolved,DanielBiester,DanielBiester,DanielBiester,2017-07-28,2017-10-03,2017-10-03,67,67,67,67,TRUE,FALSE,FALSE,TRUE,FALSE,TRUE,TRUE,TRUE
2 - Minor,Resolved,MatthewDavis,ShannonStewart,ShannonStewart,2017-07-31,2017-10-03,2017-10-03,64,64,64,64,TRUE,FALSE,FALSE,TRUE,FALSE,FALSE,FALSE,FALSE
2 - Minor,Resolved,DanielBiester,RyanScranton,RyanScranton,2017-07-28,2017-10-03,2017-10-03,67,67,67,67,TRUE,FALSE,FALSE,TRUE,FALSE,TRUE,FALSE,FALSE
2 - Minor,Resolved,PeteSchatz,PeteSchatz,PeteSchatz,2017-07-24,2017-10-03,2017-10-03,71,71,71,71,TRUE,FALSE,FALSE,TRUE,FALSE,TRUE,TRUE,TRUE
2 - Minor,Resolved,RyanScranton,ShannonStewart,ShannonStewart,2017-08-01,2017-10-03,2017-10-03,63,63,63,63,TRUE,FALSE,FALSE,TRUE,FALSE,FALSE,FALSE,FALSE
2 - Minor,Resolved,NA,ShannonStewart,ShannonStewart,2017-07-31,2017-10-03,2017-10-03,64,64,64,64,TRUE,FALSE,FALSE,FALSE,FALSE,NA,FALSE,FALSE
2 - Minor,Resolved,MattChild,RyanScranton,RyanScranton,2017-08-02,2017-10-03,2017-10-03,62,62,62,62,TRUE,FALSE,FALSE,TRUE,FALSE,TRUE,FALSE,FALSE
2 - Minor,Resolved,MatthewDavis,RyanScranton,RyanScranton,2017-08-03,2017-10-03,2017-10-03,61,61,61,61,TRUE,FALSE,FALSE,TRUE,FALSE,FALSE,FALSE,FALSE
2 - Minor,Todo,NA,RyanScranton,RyanScranton,2017-10-03,2017-10-03,NA,0,NA,NA,NA,FALSE,TRUE,FALSE,FALSE,FALSE,NA,FALSE,FALSE
2 - Minor,Todo,NA,RyanScranton,RyanScranton,2017-10-03,2017-10-03,NA,0,NA,NA,NA,FALSE,TRUE,FALSE,FALSE,FALSE,NA,FALSE,FALSE
2 - Minor,Todo,NA,RyanScranton,RyanScranton,2017-10-03,2017-10-03,NA,0,NA,NA,NA,FALSE,TRUE,FALSE,FALSE,FALSE,NA,FALSE,FALSE
2 - Minor,Resolved,MatthewDavis,MattChild,MattChild,2017-08-17,2017-09-11,2017-09-11,25,25,25,25,TRUE,FALSE,FALSE,TRUE,FALSE,FALSE,TRUE,TRUE
2 - Minor,Resolved,JosephWallace,JosephWallace,JosephWallace,2017-09-06,2017-09-11,2017-09-11,5,5,5,NA,TRUE,FALSE,FALSE,TRUE,FALSE,TRUE,TRUE,TRUE
2 - Minor,Resolved,NA,RyanScranton,RyanScranton,2017-08-21,2017-08-23,2017-08-23,2,NA,2,NA,TRUE,FALSE,FALSE,FALSE,FALSE,NA,FALSE,FALSE
2 - Minor,Todo,NA,DanielBiester,DanielBiester,2017-03-03,2017-08-14,NA,164,NA,NA,NA,FALSE,TRUE,FALSE,FALSE,FALSE,NA,TRUE,TRUE
2 - Minor,Todo,NA,ShannonStewart,ShannonStewart,2017-08-11,2017-08-11,NA,0,NA,NA,NA,FALSE,TRUE,FALSE,FALSE,FALSE,NA,FALSE,FALSE
2 - Minor,Todo,NA,RyanScranton,RyanScranton,2017-08-09,2017-08-10,NA,1,NA,NA,NA,FALSE,TRUE,FALSE,FALSE,FALSE,NA,FALSE,FALSE
2 - Minor,Todo,MattChild,RyanScranton,RyanScranton,2017-08-03,2017-08-03,NA,0,NA,NA,NA,FALSE,TRUE,FALSE,TRUE,FALSE,TRUE,FALSE,FALSE
2 - Minor,Todo,NA,PeteSchatz,PeteSchatz,2017-07-24,2017-08-03,NA,10,10,NA,NA,FALSE,TRUE,FALSE,FALSE,FALSE,NA,TRUE,TRUE
2 - Minor,Todo,NA,RyanScranton,RyanScranton,2017-07-26,2017-08-03,NA,8,8,NA,NA,FALSE,TRUE,FALSE,FALSE,FALSE,NA,FALSE,FALSE
2 - Minor,Todo,NA,ShannonStewart,ShannonStewart,2017-08-01,2017-08-03,NA,2,NA,NA,NA,FALSE,TRUE,FALSE,FALSE,FALSE,NA,FALSE,FALSE
2 - Minor,Todo,NA,MatthewDavis,MatthewDavis,2017-07-30,2017-08-03,NA,4,NA,NA,NA,FALSE,TRUE,FALSE,FALSE,FALSE,NA,FALSE,FALSE
2 - Minor,Todo,NA,ShannonStewart,ShannonStewart,2017-08-01,2017-08-03,NA,2,NA,NA,NA,FALSE,TRUE,FALSE,FALSE,FALSE,NA,FALSE,FALSE
2 - Minor,Todo,NA,ShannonStewart,ShannonStewart,2017-08-01,2017-08-03,NA,2,NA,NA,NA,FALSE,TRUE,FALSE,FALSE,FALSE,NA,FALSE,FALSE
2 - Minor,Todo,NA,RyanScranton,RyanScranton,2017-07-28,2017-08-03,NA,6,6,NA,NA,FALSE,TRUE,FALSE,FALSE,FALSE,NA,FALSE,FALSE
2 - Minor,Todo,NA,ShannonStewart,ShannonStewart,2017-08-01,2017-08-02,NA,1,NA,NA,NA,FALSE,TRUE,FALSE,FALSE,FALSE,NA,FALSE,FALSE
2 - Minor,Todo,NA,RyanScranton,RyanScranton,2017-07-28,2017-07-31,NA,3,NA,NA,NA,FALSE,TRUE,FALSE,FALSE,FALSE,NA,FALSE,FALSE
2 - Minor,Todo,NA,RyanScranton,RyanScranton,2017-06-08,2017-07-20,NA,42,42,NA,NA,FALSE,TRUE,FALSE,FALSE,FALSE,NA,FALSE,FALSE
2 - Minor,Todo,NA,PeteSchatz,PeteSchatz,2017-07-17,2017-07-17,NA,0,NA,NA,NA,FALSE,TRUE,FALSE,FALSE,FALSE,NA,TRUE,TRUE
2 - Minor,Todo,NA,MattChild,MattChild,2017-06-30,2017-07-07,NA,7,7,NA,NA,FALSE,TRUE,FALSE,FALSE,FALSE,NA,TRUE,TRUE
2 - Minor,Resolved,DanielBiester,DanielBiester,DanielBiester,2017-06-16,2017-07-06,2017-07-06,20,20,20,20,TRUE,FALSE,FALSE,TRUE,FALSE,TRUE,TRUE,TRUE
2 - Minor,Todo,NA,MattChild,MattChild,2017-06-30,2017-06-30,NA,0,NA,NA,NA,FALSE,TRUE,FALSE,FALSE,FALSE,NA,TRUE,TRUE
2 - Minor,Todo,NA,RyanScranton,RyanScranton,2017-06-09,2017-06-09,NA,0,NA,NA,NA,FALSE,TRUE,FALSE,FALSE,FALSE,NA,FALSE,FALSE
2 - Minor,Todo,NA,MattChild,MattChild,2017-06-09,2017-06-09,NA,0,NA,NA,NA,FALSE,TRUE,FALSE,FALSE,FALSE,NA,TRUE,TRUE
2 - Minor,Todo,NA,MattChild,MattChild,2017-06-09,2017-06-09,NA,0,NA,NA,NA,FALSE,TRUE,FALSE,FALSE,FALSE,NA,TRUE,TRUE
2 - Minor,Todo,NA,MattChild,MattChild,2017-06-09,2017-06-09,NA,0,NA,NA,NA,FALSE,TRUE,FALSE,FALSE,FALSE,NA,TRUE,TRUE
2 - Minor,Resolved,PeteSchatz,RyanScranton,RyanScranton,2017-06-08,2017-06-09,2017-06-09,1,NA,1,NA,TRUE,FALSE,FALSE,TRUE,FALSE,TRUE,FALSE,FALSE
2 - Minor,Resolved,MatthewDavis,RyanScranton,RyanScranton,2017-06-08,2017-06-09,2017-06-09,1,NA,1,NA,TRUE,FALSE,FALSE,TRUE,FALSE,FALSE,FALSE,FALSE
2 - Minor,Resolved,JosephWallace,MattChild,MattChild,2017-06-07,2017-06-09,2017-06-09,2,NA,2,NA,TRUE,FALSE,FALSE,TRUE,FALSE,TRUE,TRUE,TRUE
2 - Minor,Resolved,NA,RyanScranton,RyanScranton,2017-06-08,2017-06-08,2017-06-08,0,NA,0,NA,TRUE,FALSE,FALSE,FALSE,FALSE,NA,FALSE,FALSE
2 - Minor,Resolved,PeteSchatz,RyanScranton,RyanScranton,2017-05-25,2017-06-08,2017-06-08,14,14,14,14,TRUE,FALSE,FALSE,TRUE,FALSE,TRUE,FALSE,FALSE
2 - Minor,Resolved,JosephWallace,DanielBiester,DanielBiester,2017-05-24,2017-06-06,2017-06-06,13,13,13,13,TRUE,FALSE,FALSE,TRUE,FALSE,TRUE,TRUE,TRUE
2 - Minor,Resolved,JosephWallace,MattChild,MattChild,2017-05-22,2017-06-06,2017-06-06,15,15,15,15,TRUE,FALSE,FALSE,TRUE,FALSE,TRUE,TRUE,TRUE
2 - Minor,Resolved,JosephWallace,DanielBiester,DanielBiester,2017-05-24,2017-06-06,2017-06-06,13,13,13,13,TRUE,FALSE,FALSE,TRUE,FALSE,TRUE,TRUE,TRUE
2 - Minor,Resolved,DanielBiester,DanielBiester,DanielBiester,2017-05-29,2017-06-06,2017-06-06,8,8,8,8,TRUE,FALSE,FALSE,TRUE,FALSE,TRUE,TRUE,TRUE
2 - Minor,Resolved,MatthewDavis,MattChild,MattChild,2017-06-02,2017-06-06,2017-06-06,4,NA,4,NA,TRUE,FALSE,FALSE,TRUE,FALSE,FALSE,TRUE,TRUE
2 - Minor,Resolved,JosephWallace,RyanScranton,RyanScranton,2017-06-05,2017-06-05,2017-06-05,0,NA,0,NA,TRUE,FALSE,FALSE,TRUE,FALSE,TRUE,FALSE,FALSE
2 - Minor,Resolved,DavidTuell,DavidTuell,DavidTuell,2017-04-20,2017-04-25,2017-04-25,5,5,5,NA,TRUE,FALSE,FALSE,TRUE,FALSE,TRUE,TRUE,TRUE
2 - Minor,Resolved,DanielBiester,DanielBiester,DanielBiester,2017-04-20,2017-04-24,2017-04-24,4,NA,4,NA,TRUE,FALSE,FALSE,TRUE,FALSE,TRUE,TRUE,TRUE
2 - Minor,Resolved,DavidTuell,BradNeal,BradNeal,2017-04-13,2017-04-20,2017-04-20,7,7,7,7,TRUE,FALSE,FALSE,TRUE,FALSE,TRUE,FALSE,FALSE
2 - Minor,Resolved,DavidTuell,BradNeal,BradNeal,2017-04-13,2017-04-18,2017-04-18,5,5,5,NA,TRUE,FALSE,FALSE,TRUE,FALSE,TRUE,FALSE,FALSE
2 - Minor,Todo,NA,BradNeal,BradNeal,2017-03-30,2017-04-07,NA,8,8,NA,NA,FALSE,TRUE,FALSE,FALSE,FALSE,NA,FALSE,FALSE
2 - Minor,Todo,NA,BradNeal,BradNeal,2017-03-30,2017-04-07,NA,8,8,NA,NA,FALSE,TRUE,FALSE,FALSE,FALSE,NA,FALSE,FALSE
2 - Minor,Todo,NA,BradNeal,BradNeal,2017-03-30,2017-04-07,NA,8,8,NA,NA,FALSE,TRUE,FALSE,FALSE,FALSE,NA,FALSE,FALSE
2 - Minor,Todo,NA,BradNeal,BradNeal,2017-03-30,2017-04-07,NA,8,8,NA,NA,FALSE,TRUE,FALSE,FALSE,FALSE,NA,FALSE,FALSE
2 - Minor,Todo,NA,BradNeal,BradNeal,2017-03-30,2017-04-07,NA,8,8,NA,NA,FALSE,TRUE,FALSE,FALSE,FALSE,NA,FALSE,FALSE
2 - Minor,Todo,NA,BradNeal,BradNeal,2017-03-30,2017-04-07,NA,8,8,NA,NA,FALSE,TRUE,FALSE,FALSE,FALSE,NA,FALSE,FALSE
2 - Minor,Todo,NA,BradNeal,BradNeal,2017-03-30,2017-04-07,NA,8,8,NA,NA,FALSE,TRUE,FALSE,FALSE,FALSE,NA,FALSE,FALSE
2 - Minor,Todo,NA,BradNeal,BradNeal,2017-03-30,2017-04-07,NA,8,8,NA,NA,FALSE,TRUE,FALSE,FALSE,FALSE,NA,FALSE,FALSE
2 - Minor,Todo,NA,BradNeal,BradNeal,2017-03-30,2017-04-07,NA,8,8,NA,NA,FALSE,TRUE,FALSE,FALSE,FALSE,NA,FALSE,FALSE
2 - Minor,Todo,NA,BradNeal,BradNeal,2017-03-30,2017-04-07,NA,8,8,NA,NA,FALSE,TRUE,FALSE,FALSE,FALSE,NA,FALSE,FALSE
2 - Minor,Todo,NA,BradNeal,BradNeal,2016-06-20,2017-03-29,NA,282,NA,NA,NA,FALSE,TRUE,FALSE,FALSE,FALSE,NA,FALSE,FALSE
2 - Minor,Todo,NA,BrittanyMcCray,BrittanyMcCray,2017-03-23,2017-03-29,NA,6,6,NA,NA,FALSE,TRUE,FALSE,FALSE,FALSE,NA,FALSE,FALSE
2 - Minor,Todo,NA,BrittanyMcCray,BrittanyMcCray,2015-07-10,2017-03-29,NA,628,NA,NA,NA,FALSE,TRUE,FALSE,FALSE,FALSE,NA,FALSE,FALSE
2 - Minor,Todo,NA,BradNeal,BradNeal,2015-11-16,2017-03-29,NA,499,NA,NA,NA,FALSE,TRUE,FALSE,FALSE,FALSE,NA,FALSE,FALSE
2 - Minor,Todo,NA,BrittanyMcCray,BrittanyMcCray,2017-03-27,2017-03-28,NA,1,NA,NA,NA,FALSE,TRUE,FALSE,FALSE,FALSE,NA,FALSE,FALSE
2 - Minor,Todo,NA,AlisonPerry,AlisonPerry,2014-06-11,2017-03-23,NA,1016,NA,NA,NA,FALSE,TRUE,FALSE,FALSE,FALSE,NA,FALSE,FALSE
2 - Minor,Todo,NA,BrittanyMcCray,BrittanyMcCray,2015-07-06,2017-03-23,NA,626,NA,NA,NA,FALSE,TRUE,FALSE,FALSE,FALSE,NA,FALSE,FALSE
2 - Minor,Todo,NA,BrittanyMcCray,BrittanyMcCray,2017-03-06,2017-03-06,NA,0,NA,NA,NA,FALSE,TRUE,FALSE,FALSE,FALSE,NA,FALSE,FALSE
2 - Minor,Todo,NA,DanielBiester,DanielBiester,2017-03-01,2017-03-01,NA,0,NA,NA,NA,FALSE,TRUE,FALSE,FALSE,FALSE,NA,TRUE,TRUE
2 - Minor,Todo,NA,BrittanyMcCray,BrittanyMcCray,2017-02-09,2017-02-09,NA,0,NA,NA,NA,FALSE,TRUE,FALSE,FALSE,FALSE,NA,FALSE,FALSE
2 - Minor,Todo,NA,BrittanyMcCray,BrittanyMcCray,2017-02-09,2017-02-09,NA,0,NA,NA,NA,FALSE,TRUE,FALSE,FALSE,FALSE,NA,FALSE,FALSE
2 - Minor,Todo,NA,DanielBiester,DanielBiester,2016-12-13,2017-02-08,NA,57,57,NA,NA,FALSE,TRUE,FALSE,FALSE,FALSE,NA,TRUE,TRUE
2 - Minor,Todo,NA,BradNeal,BradNeal,2017-01-19,2017-01-26,NA,7,7,NA,NA,FALSE,TRUE,FALSE,FALSE,FALSE,NA,FALSE,FALSE
2 - Minor,Resolved,DanielBiester,BradNeal,BradNeal,2016-11-02,2016-11-28,2016-11-28,26,26,26,26,TRUE,FALSE,FALSE,TRUE,FALSE,TRUE,FALSE,FALSE
2 - Minor,Todo,NA,BradNeal,BradNeal,2015-08-27,2016-11-02,NA,433,NA,NA,NA,FALSE,TRUE,FALSE,FALSE,FALSE,NA,FALSE,FALSE
2 - Minor,Todo,NA,BradNeal,BradNeal,2016-10-27,2016-11-02,NA,6,6,NA,NA,FALSE,TRUE,FALSE,FALSE,FALSE,NA,FALSE,FALSE
1 - Trivial,Todo,NA,RyanFord,RyanFord,2019-08-14,2019-08-26,NA,12,12,NA,NA,FALSE,TRUE,FALSE,FALSE,FALSE,NA,FALSE,FALSE
1 - Trivial,Todo,NA,RyanFord,RyanFord,2019-08-14,2019-08-19,NA,5,5,NA,NA,FALSE,TRUE,FALSE,FALSE,FALSE,NA,FALSE,FALSE
1 - Trivial,Todo,NA,ScottSummerford,ScottSummerford,2019-03-27,2019-05-23,NA,57,57,NA,NA,FALSE,TRUE,FALSE,FALSE,FALSE,NA,TRUE,TRUE
1 - Trivial,Resolved,NA,RyanScranton,RyanScranton,2017-09-26,2017-10-11,2017-10-11,15,15,15,15,TRUE,FALSE,FALSE,FALSE,FALSE,NA,FALSE,FALSE
5 - Blocker,Todo,NA,JohnSieck,JohnSieck,2018-10-16,2019-07-05,NA,262,NA,NA,NA,FALSE,TRUE,FALSE,FALSE,FALSE,NA,FALSE,FALSE
3 - Major,Todo,NA,ScottSummerford,ScottSummerford,2019-11-26,2019-12-19,NA,23,23,NA,NA,FALSE,TRUE,FALSE,FALSE,FALSE,NA,TRUE,TRUE
3 - Major,Reopened,PeterMorrissey,MattChild,MattChild,2019-12-03,2019-12-19,NA,16,16,NA,NA,FALSE,TRUE,FALSE,TRUE,FALSE,TRUE,TRUE,TRUE
3 - Major,Todo,NA,JohnSieck,JohnSieck,2018-01-22,2018-09-25,NA,246,NA,NA,NA,FALSE,TRUE,FALSE,FALSE,FALSE,NA,FALSE,FALSE
3 - Major,Resolved,JosephWallace,JohnSieck,JohnSieck,2017-11-14,2017-11-20,2017-11-20,6,6,6,NA,TRUE,FALSE,FALSE,TRUE,FALSE,TRUE,FALSE,FALSE
2 - Minor,Todo,NA,RyanFord,RyanFord,2019-08-14,2019-08-19,NA,5,5,NA,NA,FALSE,TRUE,FALSE,FALSE,FALSE,NA,FALSE,FALSE
2 - Minor,Todo,NA,RyanFord,RyanFord,2019-08-14,2019-08-19,NA,5,5,NA,NA,FALSE,TRUE,FALSE,FALSE,FALSE,NA,FALSE,FALSE
2 - Minor,Todo,NA,JohnSieck,JohnSieck,2018-03-12,2019-03-25,NA,378,NA,NA,NA,FALSE,TRUE,FALSE,FALSE,FALSE,NA,FALSE,FALSE
2 - Minor,Resolved,NA,JohnSieck,JohnSieck,2018-03-15,2018-09-07,2018-09-07,176,NA,176,NA,TRUE,FALSE,FALSE,FALSE,FALSE,NA,FALSE,FALSE
2 - Minor,Resolved,DanielBiester,JohnSieck,JohnSieck,2017-11-27,2018-02-06,2018-02-06,71,71,71,71,TRUE,FALSE,FALSE,TRUE,FALSE,TRUE,FALSE,FALSE
